NC_016776.1	0	2
NC_016776.1	1	2
NC_016776.1	2	2
NC_016776.1	3	2
NC_016776.1	4	2
NC_016776.1	5	2
NC_016776.1	6	2
NC_016776.1	7	2
NC_016776.1	8	2
NC_016776.1	9	2
NC_016776.1	10	2
NC_016776.1	11	2
NC_016776.1	12	2
NC_016776.1	13	2
NC_016776.1	14	2
NC_016776.1	15	2
NC_016776.1	16	2
NC_016776.1	17	2
NC_016776.1	18	2
NC_016776.1	19	2
NC_016776.1	20	2
NC_016776.1	21	2
NC_016776.1	22	2
NC_016776.1	23	2
NC_016776.1	24	2
NC_016776.1	25	2
NC_016776.1	26	2
NC_016776.1	27	2
NC_016776.1	28	2
NC_016776.1	29	2
NC_016776.1	30	2
NC_016776.1	31	2
NC_016776.1	32	2
NC_016776.1	33	2
NC_016776.1	34	2
NC_016776.1	35	2
NC_016776.1	36	2
NC_016776.1	37	2
NC_016776.1	38	2
NC_016776.1	39	1
NC_016776.1	40	1
NC_016776.1	41	1
NC_016776.1	42	1
NC_016776.1	43	1
NC_016776.1	44	1
NC_016776.1	45	1
NC_016776.1	46	1
NC_016776.1	47	1
NC_016776.1	48	1
NC_016776.1	49	1
NC_016776.1	50	1
NC_016776.1	51	1
NC_016776.1	52	1
NC_016776.1	53	1
NC_016776.1	54	1
NC_016776.1	55	1
NC_016776.1	56	1
NC_016776.1	57	1
NC_016776.1	58	1
NC_016776.1	59	1
NC_016776.1	60	1
NC_016776.1	61	1
NC_016776.1	62	1
NC_016776.1	63	1
NC_016776.1	64	1
NC_016776.1	65	1
NC_016776.1	66	1
NC_016776.1	67	1
NC_016776.1	68	1
NC_016776.1	69	1
NC_016776.1	70	1
NC_016776.1	71	1
NC_016776.1	72	1
NC_016776.1	73	2
NC_016776.1	74	2
NC_016776.1	75	2
NC_016776.1	76	2
NC_016776.1	77	2
NC_016776.1	78	2
NC_016776.1	79	2
NC_016776.1	80	2
NC_016776.1	81	2
NC_016776.1	82	2
NC_016776.1	83	2
NC_016776.1	84	2
NC_016776.1	85	2
NC_016776.1	86	2
NC_016776.1	87	2
NC_016776.1	88	2
NC_016776.1	89	2
NC_016776.1	90	2
NC_016776.1	91	2
NC_016776.1	92	2
NC_016776.1	93	2
NC_016776.1	94	2
NC_016776.1	95	2
NC_016776.1	96	2
NC_016776.1	97	2
NC_016776.1	98	2
NC_016776.1	99	2
NC_016776.1	100	2
NC_016776.1	101	2
NC_016776.1	102	2
NC_016776.1	103	2
NC_016776.1	104	2
NC_016776.1	105	2
NC_016776.1	106	2
NC_016776.1	107	2
NC_016776.1	108	2
NC_016776.1	109	2
NC_016776.1	110	2
NC_016776.1	111	2
NC_016776.1	112	2
NC_016776.1	113	2
NC_016776.1	114	2
NC_016776.1	115	2
NC_016776.1	116	2
NC_016776.1	117	2
NC_016776.1	118	2
NC_016776.1	119	2
NC_016776.1	120	2
NC_016776.1	121	2
NC_016776.1	122	2
NC_016776.1	123	2
NC_016776.1	124	2
NC_016776.1	125	2
NC_016776.1	126	2
NC_016776.1	127	2
NC_016776.1	128	2
NC_016776.1	129	2
NC_016776.1	130	2
NC_016776.1	131	2
NC_016776.1	132	2
NC_016776.1	133	2
NC_016776.1	134	2
NC_016776.1	135	2
NC_016776.1	136	2
NC_016776.1	137	2
NC_016776.1	138	2
NC_016776.1	139	2
NC_016776.1	140	2
NC_016776.1	141	2
NC_016776.1	142	2
NC_016776.1	143	2
NC_016776.1	144	2
NC_016776.1	145	2
NC_016776.1	146	2
NC_016776.1	147	2
NC_016776.1	148	2
NC_016776.1	149	2
NC_016776.1	150	2
NC_016776.1	151	2
NC_016776.1	152	2
NC_016776.1	153	2
NC_016776.1	154	2
NC_016776.1	155	2
NC_016776.1	156	2
NC_016776.1	157	2
NC_016776.1	158	2
NC_016776.1	159	2
NC_016776.1	160	2
NC_016776.1	161	2
NC_016776.1	162	2
NC_016776.1	163	2
NC_016776.1	164	2
NC_016776.1	165	2
NC_016776.1	166	2
NC_016776.1	167	2
NC_016776.1	168	2
NC_016776.1	169	2
NC_016776.1	170	2
NC_016776.1	171	2
NC_016776.1	172	2
NC_016776.1	173	2
NC_016776.1	174	2
NC_016776.1	175	2
NC_016776.1	176	2
NC_016776.1	177	2
NC_016776.1	178	2
NC_016776.1	179	2
NC_016776.1	180	2
NC_016776.1	181	2
NC_016776.1	182	2
NC_016776.1	183	2
NC_016776.1	184	2
NC_016776.1	185	2
NC_016776.1	186	2
NC_016776.1	187	2
NC_016776.1	188	2
NC_016776.1	189	2
NC_016776.1	190	2
NC_016776.1	191	2
NC_016776.1	192	2
NC_016776.1	193	2
NC_016776.1	194	2
NC_016776.1	195	2
NC_016776.1	196	2
NC_016776.1	197	2
NC_016776.1	198	2
NC_016776.1	199	2
NC_016776.1	200	2
NC_016776.1	201	2
NC_016776.1	202	2
NC_016776.1	203	1
NC_016776.1	204	1
NC_016776.1	205	1
NC_016776.1	206	1
NC_016776.1	207	1
NC_016776.1	208	1
NC_016776.1	209	1
NC_016776.1	210	1
NC_016776.1	211	1
NC_016776.1	212	1
NC_016776.1	213	1
NC_016776.1	214	1
NC_016776.1	215	1
NC_016776.1	216	1
NC_016776.1	217	1
NC_016776.1	218	1
NC_016776.1	219	1
NC_016776.1	220	1
NC_016776.1	221	1
NC_016776.1	222	1
NC_016776.1	223	1
NC_016776.1	224	1
NC_016776.1	225	1
NC_016776.1	226	1
NC_016776.1	227	1
NC_016776.1	228	1
NC_016776.1	229	1
NC_016776.1	230	1
NC_016776.1	231	1
NC_016776.1	232	1
NC_016776.1	233	1
NC_016776.1	234	1
NC_016776.1	235	1
NC_016776.1	236	1
NC_016776.1	237	1
NC_016776.1	238	1
NC_016776.1	239	1
NC_016776.1	240	1
NC_016776.1	241	1
NC_016776.1	242	1
NC_016776.1	243	1
NC_016776.1	244	1
NC_016776.1	245	1
NC_016776.1	246	1
NC_016776.1	247	1
NC_016776.1	248	1
NC_016776.1	249	1
NC_016776.1	250	1
NC_016776.1	251	1
NC_016776.1	252	1
NC_016776.1	253	1
NC_016776.1	254	1
NC_016776.1	255	1
NC_016776.1	256	1
NC_016776.1	257	1
NC_016776.1	258	1
NC_016776.1	259	1
NC_016776.1	260	1
NC_016776.1	261	1
NC_016776.1	262	1
NC_016776.1	263	1
NC_016776.1	264	1
NC_016776.1	265	1
NC_016776.1	266	1
NC_016776.1	267	1
NC_016776.1	268	1
NC_016776.1	269	1
NC_016776.1	270	1
NC_016776.1	271	1
NC_016776.1	272	1
NC_016776.1	273	1
NC_016776.1	274	1
NC_016776.1	275	1
NC_016776.1	276	1
NC_016776.1	277	1
NC_016776.1	278	1
NC_016776.1	279	1
NC_016776.1	280	1
NC_016776.1	281	1
NC_016776.1	282	1
NC_016776.1	283	1
NC_016776.1	284	1
NC_016776.1	285	1
NC_016776.1	286	1
NC_016776.1	287	1
NC_016776.1	288	1
NC_016776.1	289	1
NC_016776.1	290	1
NC_016776.1	291	0
NC_016776.1	292	0
NC_016776.1	293	0
NC_016776.1	294	0
NC_016776.1	295	0
NC_016776.1	296	0
NC_016776.1	297	0
NC_016776.1	298	0
NC_016776.1	299	0
NC_016776.1	300	0
NC_016776.1	301	0
NC_016776.1	302	0
NC_016776.1	303	0
NC_016776.1	304	0
NC_016776.1	305	0
NC_016776.1	306	0
NC_016776.1	307	0
NC_016776.1	308	0
NC_016776.1	309	0
NC_016776.1	310	0
NC_016776.1	311	0
NC_016776.1	312	0
NC_016776.1	313	0
NC_016776.1	314	0
NC_016776.1	315	0
NC_016776.1	316	0
NC_016776.1	317	0
NC_016776.1	318	0
NC_016776.1	319	0
NC_016776.1	320	0
NC_016776.1	321	0
NC_016776.1	322	0
NC_016776.1	323	0
NC_016776.1	324	0
NC_016776.1	325	0
NC_016776.1	326	0
NC_016776.1	327	0
NC_016776.1	328	0
NC_016776.1	329	0
NC_016776.1	330	0
NC_016776.1	331	0
NC_016776.1	332	0
NC_016776.1	333	0
NC_016776.1	334	0
NC_016776.1	335	0
NC_016776.1	336	0
NC_016776.1	337	0
NC_016776.1	338	0
NC_016776.1	339	0
NC_016776.1	340	0
NC_016776.1	341	0
NC_016776.1	342	0
NC_016776.1	343	1
NC_016776.1	344	1
NC_016776.1	345	1
NC_016776.1	346	1
NC_016776.1	347	1
NC_016776.1	348	1
NC_016776.1	349	1
NC_016776.1	350	1
NC_016776.1	351	1
NC_016776.1	352	1
NC_016776.1	353	1
NC_016776.1	354	1
NC_016776.1	355	1
NC_016776.1	356	1
NC_016776.1	357	1
NC_016776.1	358	1
NC_016776.1	359	1
NC_016776.1	360	1
NC_016776.1	361	1
NC_016776.1	362	1
NC_016776.1	363	1
NC_016776.1	364	1
NC_016776.1	365	1
NC_016776.1	366	1
NC_016776.1	367	1
NC_016776.1	368	1
NC_016776.1	369	1
NC_016776.1	370	1
NC_016776.1	371	1
NC_016776.1	372	1
NC_016776.1	373	1
NC_016776.1	374	1
NC_016776.1	375	1
NC_016776.1	376	1
NC_016776.1	377	1
NC_016776.1	378	1
NC_016776.1	379	1
NC_016776.1	380	1
NC_016776.1	381	1
NC_016776.1	382	1
NC_016776.1	383	1
NC_016776.1	384	1
NC_016776.1	385	1
NC_016776.1	386	1
NC_016776.1	387	1
NC_016776.1	388	1
NC_016776.1	389	1
NC_016776.1	390	1
NC_016776.1	391	1
NC_016776.1	392	1
NC_016776.1	393	1
NC_016776.1	394	1
NC_016776.1	395	1
NC_016776.1	396	1
NC_016776.1	397	1
NC_016776.1	398	1
NC_016776.1	399	1
NC_016776.1	400	1
NC_016776.1	401	1
NC_016776.1	402	1
NC_016776.1	403	1
NC_016776.1	404	0
NC_016776.1	405	0
NC_016776.1	406	0
NC_016776.1	407	0
NC_016776.1	408	0
NC_016776.1	409	0
NC_016776.1	410	0
NC_016776.1	411	0
NC_016776.1	412	0
NC_016776.1	413	0
NC_016776.1	414	0
NC_016776.1	415	0
NC_016776.1	416	0
NC_016776.1	417	0
NC_016776.1	418	0
NC_016776.1	419	0
NC_016776.1	420	0
NC_016776.1	421	0
NC_016776.1	422	0
NC_016776.1	423	0
NC_016776.1	424	0
NC_016776.1	425	0
NC_016776.1	426	0
NC_016776.1	427	0
NC_016776.1	428	0
NC_016776.1	429	0
NC_016776.1	430	0
NC_016776.1	431	0
NC_016776.1	432	0
NC_016776.1	433	0
NC_016776.1	434	0
NC_016776.1	435	0
NC_016776.1	436	0
NC_016776.1	437	0
NC_016776.1	438	0
NC_016776.1	439	0
NC_016776.1	440	0
NC_016776.1	441	0
NC_016776.1	442	0
NC_016776.1	443	0
NC_016776.1	444	0
NC_016776.1	445	0
NC_016776.1	446	0
NC_016776.1	447	0
NC_016776.1	448	0
NC_016776.1	449	0
NC_016776.1	450	0
NC_016776.1	451	0
NC_016776.1	452	0
NC_016776.1	453	0
NC_016776.1	454	0
NC_016776.1	455	0
NC_016776.1	456	0
NC_016776.1	457	0
NC_016776.1	458	0
NC_016776.1	459	0
NC_016776.1	460	0
NC_016776.1	461	0
NC_016776.1	462	0
NC_016776.1	463	0
NC_016776.1	464	0
NC_016776.1	465	0
NC_016776.1	466	0
NC_016776.1	467	0
NC_016776.1	468	0
NC_016776.1	469	0
NC_016776.1	470	0
NC_016776.1	471	0
NC_016776.1	472	0
NC_016776.1	473	0
NC_016776.1	474	0
NC_016776.1	475	0
NC_016776.1	476	0
NC_016776.1	477	0
NC_016776.1	478	0
NC_016776.1	479	0
NC_016776.1	480	0
NC_016776.1	481	0
NC_016776.1	482	0
NC_016776.1	483	0
NC_016776.1	484	0
NC_016776.1	485	0
NC_016776.1	486	0
NC_016776.1	487	0
NC_016776.1	488	0
NC_016776.1	489	0
NC_016776.1	490	0
NC_016776.1	491	0
NC_016776.1	492	0
NC_016776.1	493	0
NC_016776.1	494	0
NC_016776.1	495	0
NC_016776.1	496	0
NC_016776.1	497	0
NC_016776.1	498	0
NC_016776.1	499	0
NC_016776.1	500	0
NC_016776.1	501	0
NC_016776.1	502	0
NC_016776.1	503	0
NC_016776.1	504	0
NC_016776.1	505	0
NC_016776.1	506	0
NC_016776.1	507	0
NC_016776.1	508	0
NC_016776.1	509	0
NC_016776.1	510	0
NC_016776.1	511	0
NC_016776.1	512	0
NC_016776.1	513	0
NC_016776.1	514	0
NC_016776.1	515	0
NC_016776.1	516	0
NC_016776.1	517	0
NC_016776.1	518	0
NC_016776.1	519	0
NC_016776.1	520	0
NC_016776.1	521	0
NC_016776.1	522	0
NC_016776.1	523	0
NC_016776.1	524	0
NC_016776.1	525	0
NC_016776.1	526	0
NC_016776.1	527	0
NC_016776.1	528	0
NC_016776.1	529	0
NC_016776.1	530	0
NC_016776.1	531	0
NC_016776.1	532	0
NC_016776.1	533	0
NC_016776.1	534	0
NC_016776.1	535	0
NC_016776.1	536	0
NC_016776.1	537	0
NC_016776.1	538	0
NC_016776.1	539	0
NC_016776.1	540	0
NC_016776.1	541	0
NC_016776.1	542	0
NC_016776.1	543	0
NC_016776.1	544	0
NC_016776.1	545	0
NC_016776.1	546	0
NC_016776.1	547	0
NC_016776.1	548	0
NC_016776.1	549	0
NC_016776.1	550	0
NC_016776.1	551	0
NC_016776.1	552	0
NC_016776.1	553	0
NC_016776.1	554	0
NC_016776.1	555	0
NC_016776.1	556	0
NC_016776.1	557	0
NC_016776.1	558	0
NC_016776.1	559	0
NC_016776.1	560	0
NC_016776.1	561	0
NC_016776.1	562	0
NC_016776.1	563	0
NC_016776.1	564	0
NC_016776.1	565	0
NC_016776.1	566	0
NC_016776.1	567	1
NC_016776.1	568	1
NC_016776.1	569	1
NC_016776.1	570	1
NC_016776.1	571	1
NC_016776.1	572	1
NC_016776.1	573	1
NC_016776.1	574	1
NC_016776.1	575	1
NC_016776.1	576	1
NC_016776.1	577	1
NC_016776.1	578	1
NC_016776.1	579	1
NC_016776.1	580	1
NC_016776.1	581	1
NC_016776.1	582	1
NC_016776.1	583	1
NC_016776.1	584	1
NC_016776.1	585	1
NC_016776.1	586	1
NC_016776.1	587	1
NC_016776.1	588	1
NC_016776.1	589	1
NC_016776.1	590	1
NC_016776.1	591	1
NC_016776.1	592	1
NC_016776.1	593	1
NC_016776.1	594	1
NC_016776.1	595	1
NC_016776.1	596	1
NC_016776.1	597	1
NC_016776.1	598	1
NC_016776.1	599	1
NC_016776.1	600	1
NC_016776.1	601	1
NC_016776.1	602	1
NC_016776.1	603	1
NC_016776.1	604	1
NC_016776.1	605	1
NC_016776.1	606	1
NC_016776.1	607	1
NC_016776.1	608	1
NC_016776.1	609	1
NC_016776.1	610	1
NC_016776.1	611	1
NC_016776.1	612	1
NC_016776.1	613	1
NC_016776.1	614	1
NC_016776.1	615	1
NC_016776.1	616	1
NC_016776.1	617	1
NC_016776.1	618	1
NC_016776.1	619	1
NC_016776.1	620	1
NC_016776.1	621	1
NC_016776.1	622	1
NC_016776.1	623	1
NC_016776.1	624	1
NC_016776.1	625	1
NC_016776.1	626	1
NC_016776.1	627	1
NC_016776.1	628	1
NC_016776.1	629	1
NC_016776.1	630	1
NC_016776.1	631	1
NC_016776.1	632	1
NC_016776.1	633	1
NC_016776.1	634	1
NC_016776.1	635	1
NC_016776.1	636	1
NC_016776.1	637	1
NC_016776.1	638	1
NC_016776.1	639	1
NC_016776.1	640	1
NC_016776.1	641	1
NC_016776.1	642	1
NC_016776.1	643	1
NC_016776.1	644	1
NC_016776.1	645	1
NC_016776.1	646	1
NC_016776.1	647	1
NC_016776.1	648	1
NC_016776.1	649	1
NC_016776.1	650	1
NC_016776.1	651	1
NC_016776.1	652	1
NC_016776.1	653	1
NC_016776.1	654	1
NC_016776.1	655	1
NC_016776.1	656	1
NC_016776.1	657	1
NC_016776.1	658	1
NC_016776.1	659	1
NC_016776.1	660	1
NC_016776.1	661	1
NC_016776.1	662	0
NC_016776.1	663	0
NC_016776.1	664	0
NC_016776.1	665	0
NC_016776.1	666	0
NC_016776.1	667	0
NC_016776.1	668	0
NC_016776.1	669	0
NC_016776.1	670	0
NC_016776.1	671	0
NC_016776.1	672	0
NC_016776.1	673	0
NC_016776.1	674	0
NC_016776.1	675	0
NC_016776.1	676	0
NC_016776.1	677	0
NC_016776.1	678	0
NC_016776.1	679	0
NC_016776.1	680	0
NC_016776.1	681	0
NC_016776.1	682	0
NC_016776.1	683	0
NC_016776.1	684	0
NC_016776.1	685	0
NC_016776.1	686	0
NC_016776.1	687	0
NC_016776.1	688	0
NC_016776.1	689	0
NC_016776.1	690	0
NC_016776.1	691	0
NC_016776.1	692	0
NC_016776.1	693	0
NC_016776.1	694	0
NC_016776.1	695	0
NC_016776.1	696	0
NC_016776.1	697	0
NC_016776.1	698	0
NC_016776.1	699	0
NC_016776.1	700	0
NC_016776.1	701	0
NC_016776.1	702	0
NC_016776.1	703	0
NC_016776.1	704	0
NC_016776.1	705	0
NC_016776.1	706	0
NC_016776.1	707	0
NC_016776.1	708	0
NC_016776.1	709	0
NC_016776.1	710	0
NC_016776.1	711	0
NC_016776.1	712	0
NC_016776.1	713	0
NC_016776.1	714	0
NC_016776.1	715	0
NC_016776.1	716	0
NC_016776.1	717	0
NC_016776.1	718	0
NC_016776.1	719	0
NC_016776.1	720	0
NC_016776.1	721	0
NC_016776.1	722	0
NC_016776.1	723	0
NC_016776.1	724	0
NC_016776.1	725	0
NC_016776.1	726	0
NC_016776.1	727	0
NC_016776.1	728	0
NC_016776.1	729	0
NC_016776.1	730	0
NC_016776.1	731	0
NC_016776.1	732	0
NC_016776.1	733	0
NC_016776.1	734	0
NC_016776.1	735	0
NC_016776.1	736	0
NC_016776.1	737	0
NC_016776.1	738	0
NC_016776.1	739	0
NC_016776.1	740	0
NC_016776.1	741	0
NC_016776.1	742	0
NC_016776.1	743	0
NC_016776.1	744	0
NC_016776.1	745	0
NC_016776.1	746	0
NC_016776.1	747	0
NC_016776.1	748	0
NC_016776.1	749	0
NC_016776.1	750	0
NC_016776.1	751	0
NC_016776.1	752	0
NC_016776.1	753	0
NC_016776.1	754	0
NC_016776.1	755	0
NC_016776.1	756	0
NC_016776.1	757	0
NC_016776.1	758	0
NC_016776.1	759	0
NC_016776.1	760	0
NC_016776.1	761	0
NC_016776.1	762	0
NC_016776.1	763	0
NC_016776.1	764	0
NC_016776.1	765	0
NC_016776.1	766	0
NC_016776.1	767	0
NC_016776.1	768	0
NC_016776.1	769	0
NC_016776.1	770	0
NC_016776.1	771	0
NC_016776.1	772	0
NC_016776.1	773	0
NC_016776.1	774	0
NC_016776.1	775	0
NC_016776.1	776	0
NC_016776.1	777	0
NC_016776.1	778	0
NC_016776.1	779	0
NC_016776.1	780	0
NC_016776.1	781	0
NC_016776.1	782	0
NC_016776.1	783	0
NC_016776.1	784	0
NC_016776.1	785	0
NC_016776.1	786	0
NC_016776.1	787	0
NC_016776.1	788	0
NC_016776.1	789	0
NC_016776.1	790	0
NC_016776.1	791	0
NC_016776.1	792	0
NC_016776.1	793	0
NC_016776.1	794	0
NC_016776.1	795	0
NC_016776.1	796	0
NC_016776.1	797	0
NC_016776.1	798	0
NC_016776.1	799	0
NC_016776.1	800	0
NC_016776.1	801	0
NC_016776.1	802	0
NC_016776.1	803	0
NC_016776.1	804	0
NC_016776.1	805	0
NC_016776.1	806	13
NC_016776.1	807	16
NC_016776.1	808	16
NC_016776.1	809	19
NC_016776.1	810	19
NC_016776.1	811	19
NC_016776.1	812	19
NC_016776.1	813	19
NC_016776.1	814	19
NC_016776.1	815	19
NC_016776.1	816	19
NC_016776.1	817	19
NC_016776.1	818	19
NC_016776.1	819	19
NC_016776.1	820	19
NC_016776.1	821	19
NC_016776.1	822	19
NC_016776.1	823	19
NC_016776.1	824	19
NC_016776.1	825	20
NC_016776.1	826	20
NC_016776.1	827	20
NC_016776.1	828	20
NC_016776.1	829	20
NC_016776.1	830	20
NC_016776.1	831	20
NC_016776.1	832	20
NC_016776.1	833	20
NC_016776.1	834	20
NC_016776.1	835	20
NC_016776.1	836	1
NC_016776.1	837	1
NC_016776.1	838	1
NC_016776.1	839	1
NC_016776.1	840	1
NC_016776.1	841	1
NC_016776.1	842	1
NC_016776.1	843	1
NC_016776.1	844	1
NC_016776.1	845	1
NC_016776.1	846	1
NC_016776.1	847	1
NC_016776.1	848	1
NC_016776.1	849	1
NC_016776.1	850	1
NC_016776.1	851	1
NC_016776.1	852	1
NC_016776.1	853	1
NC_016776.1	854	1
NC_016776.1	855	1
NC_016776.1	856	1
NC_016776.1	857	1
NC_016776.1	858	1
NC_016776.1	859	1
NC_016776.1	860	1
NC_016776.1	861	1
NC_016776.1	862	1
NC_016776.1	863	1
NC_016776.1	864	1
NC_016776.1	865	1
NC_016776.1	866	1
NC_016776.1	867	1
NC_016776.1	868	1
NC_016776.1	869	1
NC_016776.1	870	1
NC_016776.1	871	1
NC_016776.1	872	1
NC_016776.1	873	1
NC_016776.1	874	1
NC_016776.1	875	1
NC_016776.1	876	1
NC_016776.1	877	1
NC_016776.1	878	1
NC_016776.1	879	1
NC_016776.1	880	1
NC_016776.1	881	1
NC_016776.1	882	1
NC_016776.1	883	1
NC_016776.1	884	1
NC_016776.1	885	1
NC_016776.1	886	1
NC_016776.1	887	1
NC_016776.1	888	1
NC_016776.1	889	1
NC_016776.1	890	1
NC_016776.1	891	1
NC_016776.1	892	1
NC_016776.1	893	1
NC_016776.1	894	1
NC_016776.1	895	1
NC_016776.1	896	1
NC_016776.1	897	1
NC_016776.1	898	1
NC_016776.1	899	1
NC_016776.1	900	1
NC_016776.1	901	1
NC_016776.1	902	1
NC_016776.1	903	1
NC_016776.1	904	1
NC_016776.1	905	1
NC_016776.1	906	1
NC_016776.1	907	1
NC_016776.1	908	1
NC_016776.1	909	1
NC_016776.1	910	1
NC_016776.1	911	1
NC_016776.1	912	1
NC_016776.1	913	1
NC_016776.1	914	1
NC_016776.1	915	1
NC_016776.1	916	1
NC_016776.1	917	1
NC_016776.1	918	1
NC_016776.1	919	1
NC_016776.1	920	1
NC_016776.1	921	1
NC_016776.1	922	2
NC_016776.1	923	2
NC_016776.1	924	2
NC_016776.1	925	2
NC_016776.1	926	2
NC_016776.1	927	2
NC_016776.1	928	2
NC_016776.1	929	2
NC_016776.1	930	2
NC_016776.1	931	2
NC_016776.1	932	2
NC_016776.1	933	2
NC_016776.1	934	2
NC_016776.1	935	2
NC_016776.1	936	2
NC_016776.1	937	2
NC_016776.1	938	2
NC_016776.1	939	2
NC_016776.1	940	2
NC_016776.1	941	2
NC_016776.1	942	2
NC_016776.1	943	2
NC_016776.1	944	2
NC_016776.1	945	2
NC_016776.1	946	2
NC_016776.1	947	2
NC_016776.1	948	2
NC_016776.1	949	2
NC_016776.1	950	2
NC_016776.1	951	2
NC_016776.1	952	2
NC_016776.1	953	2
NC_016776.1	954	2
NC_016776.1	955	2
NC_016776.1	956	2
NC_016776.1	957	2
NC_016776.1	958	2
NC_016776.1	959	2
NC_016776.1	960	2
NC_016776.1	961	2
NC_016776.1	962	2
NC_016776.1	963	2
NC_016776.1	964	2
NC_016776.1	965	2
NC_016776.1	966	2
NC_016776.1	967	2
NC_016776.1	968	2
NC_016776.1	969	2
NC_016776.1	970	2
NC_016776.1	971	2
NC_016776.1	972	2
NC_016776.1	973	2
NC_016776.1	974	2
NC_016776.1	975	2
NC_016776.1	976	2
NC_016776.1	977	2
NC_016776.1	978	2
NC_016776.1	979	2
NC_016776.1	980	2
NC_016776.1	981	2
NC_016776.1	982	1
NC_016776.1	983	1
NC_016776.1	984	1
NC_016776.1	985	1
NC_016776.1	986	1
NC_016776.1	987	1
NC_016776.1	988	1
NC_016776.1	989	1
NC_016776.1	990	1
NC_016776.1	991	1
NC_016776.1	992	1
NC_016776.1	993	1
NC_016776.1	994	1
NC_016776.1	995	1
NC_016776.1	996	1
NC_016776.1	997	1
NC_016776.1	998	1
NC_016776.1	999	1
NC_016776.1	1000	1
NC_016776.1	1001	1
NC_016776.1	1002	1
NC_016776.1	1003	1
NC_016776.1	1004	1
NC_016776.1	1005	1
NC_016776.1	1006	1
NC_016776.1	1007	1
NC_016776.1	1008	1
NC_016776.1	1009	1
NC_016776.1	1010	1
NC_016776.1	1011	1
NC_016776.1	1012	1
NC_016776.1	1013	1
NC_016776.1	1014	1
NC_016776.1	1015	1
NC_016776.1	1016	1
NC_016776.1	1017	1
NC_016776.1	1018	1
NC_016776.1	1019	1
NC_016776.1	1020	1
NC_016776.1	1021	1
NC_016776.1	1022	1
NC_016776.1	1023	1
NC_016776.1	1024	1
NC_016776.1	1025	1
NC_016776.1	1026	1
NC_016776.1	1027	1
NC_016776.1	1028	1
NC_016776.1	1029	2
NC_016776.1	1030	2
NC_016776.1	1031	2
NC_016776.1	1032	2
NC_016776.1	1033	2
NC_016776.1	1034	2
NC_016776.1	1035	2
NC_016776.1	1036	2
NC_016776.1	1037	2
NC_016776.1	1038	2
NC_016776.1	1039	2
NC_016776.1	1040	2
NC_016776.1	1041	2
NC_016776.1	1042	2
NC_016776.1	1043	2
NC_016776.1	1044	2
NC_016776.1	1045	2
NC_016776.1	1046	2
NC_016776.1	1047	2
NC_016776.1	1048	2
NC_016776.1	1049	2
NC_016776.1	1050	2
NC_016776.1	1051	2
NC_016776.1	1052	2
NC_016776.1	1053	2
NC_016776.1	1054	2
NC_016776.1	1055	2
NC_016776.1	1056	2
NC_016776.1	1057	2
NC_016776.1	1058	2
NC_016776.1	1059	2
NC_016776.1	1060	2
NC_016776.1	1061	2
NC_016776.1	1062	2
NC_016776.1	1063	2
NC_016776.1	1064	1
NC_016776.1	1065	1
NC_016776.1	1066	1
NC_016776.1	1067	2
NC_016776.1	1068	2
NC_016776.1	1069	2
NC_016776.1	1070	2
NC_016776.1	1071	2
NC_016776.1	1072	2
NC_016776.1	1073	2
NC_016776.1	1074	2
NC_016776.1	1075	2
NC_016776.1	1076	2
NC_016776.1	1077	2
NC_016776.1	1078	2
NC_016776.1	1079	2
NC_016776.1	1080	2
NC_016776.1	1081	2
NC_016776.1	1082	2
NC_016776.1	1083	2
NC_016776.1	1084	2
NC_016776.1	1085	2
NC_016776.1	1086	2
NC_016776.1	1087	2
NC_016776.1	1088	2
NC_016776.1	1089	2
NC_016776.1	1090	2
NC_016776.1	1091	2
NC_016776.1	1092	2
NC_016776.1	1093	2
NC_016776.1	1094	2
NC_016776.1	1095	2
NC_016776.1	1096	2
NC_016776.1	1097	2
NC_016776.1	1098	2
NC_016776.1	1099	2
NC_016776.1	1100	2
NC_016776.1	1101	2
NC_016776.1	1102	2
NC_016776.1	1103	2
NC_016776.1	1104	2
NC_016776.1	1105	2
NC_016776.1	1106	2
NC_016776.1	1107	2
NC_016776.1	1108	2
NC_016776.1	1109	2
NC_016776.1	1110	2
NC_016776.1	1111	2
NC_016776.1	1112	2
NC_016776.1	1113	2
NC_016776.1	1114	2
NC_016776.1	1115	2
NC_016776.1	1116	2
NC_016776.1	1117	2
NC_016776.1	1118	2
NC_016776.1	1119	2
NC_016776.1	1120	2
NC_016776.1	1121	2
NC_016776.1	1122	2
NC_016776.1	1123	2
NC_016776.1	1124	2
NC_016776.1	1125	2
NC_016776.1	1126	2
NC_016776.1	1127	2
NC_016776.1	1128	2
NC_016776.1	1129	2
NC_016776.1	1130	2
NC_016776.1	1131	2
NC_016776.1	1132	2
NC_016776.1	1133	2
NC_016776.1	1134	2
NC_016776.1	1135	2
NC_016776.1	1136	2
NC_016776.1	1137	2
NC_016776.1	1138	2
NC_016776.1	1139	2
NC_016776.1	1140	2
NC_016776.1	1141	2
NC_016776.1	1142	2
NC_016776.1	1143	2
NC_016776.1	1144	2
NC_016776.1	1145	2
NC_016776.1	1146	2
NC_016776.1	1147	2
NC_016776.1	1148	2
NC_016776.1	1149	2
NC_016776.1	1150	2
NC_016776.1	1151	2
NC_016776.1	1152	2
NC_016776.1	1153	2
NC_016776.1	1154	2
NC_016776.1	1155	2
NC_016776.1	1156	2
NC_016776.1	1157	2
NC_016776.1	1158	2
NC_016776.1	1159	2
NC_016776.1	1160	2
NC_016776.1	1161	2
NC_016776.1	1162	2
NC_016776.1	1163	2
NC_016776.1	1164	2
NC_016776.1	1165	2
NC_016776.1	1166	2
NC_016776.1	1167	2
NC_016776.1	1168	2
NC_016776.1	1169	2
NC_016776.1	1170	2
NC_016776.1	1171	2
NC_016776.1	1172	2
NC_016776.1	1173	2
NC_016776.1	1174	2
NC_016776.1	1175	2
NC_016776.1	1176	2
NC_016776.1	1177	2
NC_016776.1	1178	2
NC_016776.1	1179	2
NC_016776.1	1180	2
NC_016776.1	1181	2
NC_016776.1	1182	2
NC_016776.1	1183	2
NC_016776.1	1184	2
NC_016776.1	1185	2
NC_016776.1	1186	2
NC_016776.1	1187	2
NC_016776.1	1188	2
NC_016776.1	1189	2
NC_016776.1	1190	2
NC_016776.1	1191	2
NC_016776.1	1192	2
NC_016776.1	1193	2
NC_016776.1	1194	2
NC_016776.1	1195	2
NC_016776.1	1196	2
NC_016776.1	1197	2
NC_016776.1	1198	2
NC_016776.1	1199	2
NC_016776.1	1200	2
NC_016776.1	1201	2
NC_016776.1	1202	2
NC_016776.1	1203	2
NC_016776.1	1204	2
NC_016776.1	1205	2
NC_016776.1	1206	2
NC_016776.1	1207	2
NC_016776.1	1208	2
NC_016776.1	1209	2
NC_016776.1	1210	2
NC_016776.1	1211	2
NC_016776.1	1212	2
NC_016776.1	1213	2
NC_016776.1	1214	2
NC_016776.1	1215	2
NC_016776.1	1216	2
NC_016776.1	1217	2
NC_016776.1	1218	2
NC_016776.1	1219	2
NC_016776.1	1220	2
NC_016776.1	1221	2
NC_016776.1	1222	2
NC_016776.1	1223	2
NC_016776.1	1224	2
NC_016776.1	1225	2
NC_016776.1	1226	2
NC_016776.1	1227	2
NC_016776.1	1228	2
NC_016776.1	1229	2
NC_016776.1	1230	2
NC_016776.1	1231	2
NC_016776.1	1232	2
NC_016776.1	1233	2
NC_016776.1	1234	2
NC_016776.1	1235	2
NC_016776.1	1236	2
NC_016776.1	1237	2
NC_016776.1	1238	2
NC_016776.1	1239	2
NC_016776.1	1240	2
NC_016776.1	1241	2
NC_016776.1	1242	2
NC_016776.1	1243	2
NC_016776.1	1244	2
NC_016776.1	1245	2
NC_016776.1	1246	2
NC_016776.1	1247	2
NC_016776.1	1248	1
NC_016776.1	1249	1
NC_016776.1	1250	1
NC_016776.1	1251	1
NC_016776.1	1252	1
NC_016776.1	1253	1
NC_016776.1	1254	1
NC_016776.1	1255	1
NC_016776.1	1256	1
NC_016776.1	1257	1
NC_016776.1	1258	1
NC_016776.1	1259	1
NC_016776.1	1260	1
NC_016776.1	1261	1
NC_016776.1	1262	1
NC_016776.1	1263	1
NC_016776.1	1264	1
NC_016776.1	1265	1
NC_016776.1	1266	1
NC_016776.1	1267	1
NC_016776.1	1268	1
NC_016776.1	1269	1
NC_016776.1	1270	1
NC_016776.1	1271	1
NC_016776.1	1272	1
NC_016776.1	1273	1
NC_016776.1	1274	1
NC_016776.1	1275	1
NC_016776.1	1276	1
NC_016776.1	1277	1
NC_016776.1	1278	1
NC_016776.1	1279	1
NC_016776.1	1280	1
NC_016776.1	1281	1
NC_016776.1	1282	1
NC_016776.1	1283	1
NC_016776.1	1284	1
NC_016776.1	1285	1
NC_016776.1	1286	1
NC_016776.1	1287	1
NC_016776.1	1288	1
NC_016776.1	1289	1
NC_016776.1	1290	1
NC_016776.1	1291	1
NC_016776.1	1292	0
NC_016776.1	1293	0
NC_016776.1	1294	0
NC_016776.1	1295	0
NC_016776.1	1296	0
NC_016776.1	1297	0
NC_016776.1	1298	0
NC_016776.1	1299	0
NC_016776.1	1300	0
NC_016776.1	1301	0
NC_016776.1	1302	0
NC_016776.1	1303	0
NC_016776.1	1304	0
NC_016776.1	1305	0
NC_016776.1	1306	0
NC_016776.1	1307	0
NC_016776.1	1308	0
NC_016776.1	1309	0
NC_016776.1	1310	0
NC_016776.1	1311	0
NC_016776.1	1312	0
NC_016776.1	1313	0
NC_016776.1	1314	0
NC_016776.1	1315	0
NC_016776.1	1316	0
NC_016776.1	1317	0
NC_016776.1	1318	0
NC_016776.1	1319	0
NC_016776.1	1320	0
NC_016776.1	1321	0
NC_016776.1	1322	0
NC_016776.1	1323	0
NC_016776.1	1324	0
NC_016776.1	1325	0
NC_016776.1	1326	0
NC_016776.1	1327	0
NC_016776.1	1328	0
NC_016776.1	1329	0
NC_016776.1	1330	0
NC_016776.1	1331	0
NC_016776.1	1332	0
NC_016776.1	1333	0
NC_016776.1	1334	0
NC_016776.1	1335	0
NC_016776.1	1336	0
NC_016776.1	1337	0
NC_016776.1	1338	0
NC_016776.1	1339	0
NC_016776.1	1340	0
NC_016776.1	1341	0
NC_016776.1	1342	0
NC_016776.1	1343	0
NC_016776.1	1344	0
NC_016776.1	1345	0
NC_016776.1	1346	0
NC_016776.1	1347	0
NC_016776.1	1348	0
NC_016776.1	1349	0
NC_016776.1	1350	0
NC_016776.1	1351	0
NC_016776.1	1352	0
NC_016776.1	1353	0
NC_016776.1	1354	0
NC_016776.1	1355	0
NC_016776.1	1356	0
NC_016776.1	1357	0
NC_016776.1	1358	0
NC_016776.1	1359	0
NC_016776.1	1360	0
NC_016776.1	1361	0
NC_016776.1	1362	0
NC_016776.1	1363	0
NC_016776.1	1364	0
NC_016776.1	1365	0
NC_016776.1	1366	0
NC_016776.1	1367	0
NC_016776.1	1368	0
NC_016776.1	1369	0
NC_016776.1	1370	0
NC_016776.1	1371	0
NC_016776.1	1372	0
NC_016776.1	1373	0
NC_016776.1	1374	0
NC_016776.1	1375	0
NC_016776.1	1376	0
NC_016776.1	1377	0
NC_016776.1	1378	0
NC_016776.1	1379	0
NC_016776.1	1380	0
NC_016776.1	1381	0
NC_016776.1	1382	0
NC_016776.1	1383	0
NC_016776.1	1384	0
NC_016776.1	1385	0
NC_016776.1	1386	0
NC_016776.1	1387	0
NC_016776.1	1388	0
NC_016776.1	1389	1
NC_016776.1	1390	1
NC_016776.1	1391	1
NC_016776.1	1392	1
NC_016776.1	1393	1
NC_016776.1	1394	1
NC_016776.1	1395	1
NC_016776.1	1396	1
NC_016776.1	1397	1
NC_016776.1	1398	1
NC_016776.1	1399	1
NC_016776.1	1400	1
NC_016776.1	1401	1
NC_016776.1	1402	1
NC_016776.1	1403	1
NC_016776.1	1404	1
NC_016776.1	1405	1
NC_016776.1	1406	1
NC_016776.1	1407	1
NC_016776.1	1408	1
NC_016776.1	1409	1
NC_016776.1	1410	1
NC_016776.1	1411	1
NC_016776.1	1412	1
NC_016776.1	1413	1
NC_016776.1	1414	1
NC_016776.1	1415	1
NC_016776.1	1416	1
NC_016776.1	1417	1
NC_016776.1	1418	1
NC_016776.1	1419	1
NC_016776.1	1420	1
NC_016776.1	1421	1
NC_016776.1	1422	1
NC_016776.1	1423	1
NC_016776.1	1424	1
NC_016776.1	1425	1
NC_016776.1	1426	1
NC_016776.1	1427	1
NC_016776.1	1428	1
NC_016776.1	1429	1
NC_016776.1	1430	1
NC_016776.1	1431	1
NC_016776.1	1432	1
NC_016776.1	1433	1
NC_016776.1	1434	1
NC_016776.1	1435	1
NC_016776.1	1436	1
NC_016776.1	1437	1
NC_016776.1	1438	1
NC_016776.1	1439	1
NC_016776.1	1440	1
NC_016776.1	1441	1
NC_016776.1	1442	1
NC_016776.1	1443	1
NC_016776.1	1444	1
NC_016776.1	1445	1
NC_016776.1	1446	1
NC_016776.1	1447	1
NC_016776.1	1448	1
NC_016776.1	1449	1
NC_016776.1	1450	1
NC_016776.1	1451	1
NC_016776.1	1452	1
NC_016776.1	1453	1
NC_016776.1	1454	1
NC_016776.1	1455	1
NC_016776.1	1456	1
NC_016776.1	1457	1
NC_016776.1	1458	1
NC_016776.1	1459	1
NC_016776.1	1460	1
NC_016776.1	1461	1
NC_016776.1	1462	1
NC_016776.1	1463	1
NC_016776.1	1464	1
NC_016776.1	1465	1
NC_016776.1	1466	1
NC_016776.1	1467	1
NC_016776.1	1468	1
NC_016776.1	1469	1
NC_016776.1	1470	1
NC_016776.1	1471	1
NC_016776.1	1472	1
NC_016776.1	1473	1
NC_016776.1	1474	1
NC_016776.1	1475	1
NC_016776.1	1476	1
NC_016776.1	1477	1
NC_016776.1	1478	1
NC_016776.1	1479	1
NC_016776.1	1480	1
NC_016776.1	1481	1
NC_016776.1	1482	1
NC_016776.1	1483	1
NC_016776.1	1484	1
NC_016776.1	1485	0
NC_016776.1	1486	0
NC_016776.1	1487	0
NC_016776.1	1488	0
NC_016776.1	1489	0
NC_016776.1	1490	0
NC_016776.1	1491	0
NC_016776.1	1492	0
NC_016776.1	1493	0
NC_016776.1	1494	0
NC_016776.1	1495	0
NC_016776.1	1496	0
NC_016776.1	1497	0
NC_016776.1	1498	0
NC_016776.1	1499	0
NC_016776.1	1500	0
NC_016776.1	1501	0
NC_016776.1	1502	0
NC_016776.1	1503	0
NC_016776.1	1504	0
NC_016776.1	1505	0
NC_016776.1	1506	0
NC_016776.1	1507	0
NC_016776.1	1508	0
NC_016776.1	1509	0
NC_016776.1	1510	0
NC_016776.1	1511	0
NC_016776.1	1512	0
NC_016776.1	1513	0
NC_016776.1	1514	0
NC_016776.1	1515	0
NC_016776.1	1516	0
NC_016776.1	1517	0
NC_016776.1	1518	0
NC_016776.1	1519	0
NC_016776.1	1520	0
NC_016776.1	1521	0
NC_016776.1	1522	0
NC_016776.1	1523	0
NC_016776.1	1524	0
NC_016776.1	1525	0
NC_016776.1	1526	0
NC_016776.1	1527	0
NC_016776.1	1528	0
NC_016776.1	1529	0
NC_016776.1	1530	0
NC_016776.1	1531	0
NC_016776.1	1532	0
NC_016776.1	1533	0
NC_016776.1	1534	0
NC_016776.1	1535	0
NC_016776.1	1536	0
NC_016776.1	1537	0
NC_016776.1	1538	1
NC_016776.1	1539	1
NC_016776.1	1540	1
NC_016776.1	1541	1
NC_016776.1	1542	1
NC_016776.1	1543	1
NC_016776.1	1544	1
NC_016776.1	1545	1
NC_016776.1	1546	1
NC_016776.1	1547	1
NC_016776.1	1548	1
NC_016776.1	1549	1
NC_016776.1	1550	1
NC_016776.1	1551	1
NC_016776.1	1552	1
NC_016776.1	1553	1
NC_016776.1	1554	1
NC_016776.1	1555	1
NC_016776.1	1556	1
NC_016776.1	1557	1
NC_016776.1	1558	1
NC_016776.1	1559	1
NC_016776.1	1560	1
NC_016776.1	1561	1
NC_016776.1	1562	1
NC_016776.1	1563	1
NC_016776.1	1564	1
NC_016776.1	1565	1
NC_016776.1	1566	1
NC_016776.1	1567	1
NC_016776.1	1568	1
NC_016776.1	1569	1
NC_016776.1	1570	1
NC_016776.1	1571	1
NC_016776.1	1572	1
NC_016776.1	1573	1
NC_016776.1	1574	1
NC_016776.1	1575	1
NC_016776.1	1576	1
NC_016776.1	1577	1
NC_016776.1	1578	1
NC_016776.1	1579	1
NC_016776.1	1580	1
NC_016776.1	1581	1
NC_016776.1	1582	1
NC_016776.1	1583	0
NC_016776.1	1584	1
NC_016776.1	1585	1
NC_016776.1	1586	1
NC_016776.1	1587	1
NC_016776.1	1588	1
NC_016776.1	1589	1
NC_016776.1	1590	1
NC_016776.1	1591	1
NC_016776.1	1592	1
NC_016776.1	1593	1
NC_016776.1	1594	1
NC_016776.1	1595	1
NC_016776.1	1596	1
NC_016776.1	1597	1
NC_016776.1	1598	1
NC_016776.1	1599	1
NC_016776.1	1600	1
NC_016776.1	1601	1
NC_016776.1	1602	1
NC_016776.1	1603	1
NC_016776.1	1604	1
NC_016776.1	1605	1
NC_016776.1	1606	1
NC_016776.1	1607	1
NC_016776.1	1608	1
NC_016776.1	1609	1
NC_016776.1	1610	1
NC_016776.1	1611	1
NC_016776.1	1612	1
NC_016776.1	1613	1
NC_016776.1	1614	1
NC_016776.1	1615	1
NC_016776.1	1616	1
NC_016776.1	1617	1
NC_016776.1	1618	1
NC_016776.1	1619	1
NC_016776.1	1620	1
NC_016776.1	1621	1
NC_016776.1	1622	1
NC_016776.1	1623	1
NC_016776.1	1624	1
NC_016776.1	1625	1
NC_016776.1	1626	1
NC_016776.1	1627	1
NC_016776.1	1628	1
NC_016776.1	1629	1
NC_016776.1	1630	1
NC_016776.1	1631	1
NC_016776.1	1632	1
NC_016776.1	1633	1
NC_016776.1	1634	1
NC_016776.1	1635	1
NC_016776.1	1636	1
NC_016776.1	1637	1
NC_016776.1	1638	1
NC_016776.1	1639	1
NC_016776.1	1640	1
NC_016776.1	1641	1
NC_016776.1	1642	1
NC_016776.1	1643	1
NC_016776.1	1644	1
NC_016776.1	1645	1
NC_016776.1	1646	1
NC_016776.1	1647	1
NC_016776.1	1648	1
NC_016776.1	1649	1
NC_016776.1	1650	1
NC_016776.1	1651	1
NC_016776.1	1652	1
NC_016776.1	1653	1
NC_016776.1	1654	1
NC_016776.1	1655	1
NC_016776.1	1656	1
NC_016776.1	1657	1
NC_016776.1	1658	1
NC_016776.1	1659	1
NC_016776.1	1660	1
NC_016776.1	1661	1
NC_016776.1	1662	1
NC_016776.1	1663	1
NC_016776.1	1664	1
NC_016776.1	1665	1
NC_016776.1	1666	1
NC_016776.1	1667	1
NC_016776.1	1668	1
NC_016776.1	1669	1
NC_016776.1	1670	1
NC_016776.1	1671	1
NC_016776.1	1672	1
NC_016776.1	1673	1
NC_016776.1	1674	1
NC_016776.1	1675	1
NC_016776.1	1676	1
NC_016776.1	1677	1
NC_016776.1	1678	1
NC_016776.1	1679	0
NC_016776.1	1680	0
NC_016776.1	1681	0
NC_016776.1	1682	0
NC_016776.1	1683	0
NC_016776.1	1684	0
NC_016776.1	1685	0
NC_016776.1	1686	0
NC_016776.1	1687	0
NC_016776.1	1688	0
NC_016776.1	1689	0
NC_016776.1	1690	0
NC_016776.1	1691	0
NC_016776.1	1692	0
NC_016776.1	1693	0
NC_016776.1	1694	0
NC_016776.1	1695	0
NC_016776.1	1696	0
NC_016776.1	1697	0
NC_016776.1	1698	0
NC_016776.1	1699	0
NC_016776.1	1700	0
NC_016776.1	1701	0
NC_016776.1	1702	0
NC_016776.1	1703	0
NC_016776.1	1704	0
NC_016776.1	1705	0
NC_016776.1	1706	0
NC_016776.1	1707	0
NC_016776.1	1708	0
NC_016776.1	1709	0
NC_016776.1	1710	0
NC_016776.1	1711	0
NC_016776.1	1712	0
NC_016776.1	1713	0
NC_016776.1	1714	0
NC_016776.1	1715	0
NC_016776.1	1716	0
NC_016776.1	1717	0
NC_016776.1	1718	0
NC_016776.1	1719	0
NC_016776.1	1720	0
NC_016776.1	1721	0
NC_016776.1	1722	0
NC_016776.1	1723	0
NC_016776.1	1724	0
NC_016776.1	1725	0
NC_016776.1	1726	0
NC_016776.1	1727	0
NC_016776.1	1728	0
NC_016776.1	1729	0
NC_016776.1	1730	0
NC_016776.1	1731	0
NC_016776.1	1732	0
NC_016776.1	1733	0
NC_016776.1	1734	0
NC_016776.1	1735	0
NC_016776.1	1736	0
NC_016776.1	1737	0
NC_016776.1	1738	0
NC_016776.1	1739	0
NC_016776.1	1740	0
NC_016776.1	1741	0
NC_016776.1	1742	0
NC_016776.1	1743	0
NC_016776.1	1744	0
NC_016776.1	1745	0
NC_016776.1	1746	0
NC_016776.1	1747	0
NC_016776.1	1748	0
NC_016776.1	1749	0
NC_016776.1	1750	0
NC_016776.1	1751	0
NC_016776.1	1752	0
NC_016776.1	1753	0
NC_016776.1	1754	0
NC_016776.1	1755	0
NC_016776.1	1756	0
NC_016776.1	1757	0
NC_016776.1	1758	0
NC_016776.1	1759	0
NC_016776.1	1760	0
NC_016776.1	1761	0
NC_016776.1	1762	0
NC_016776.1	1763	0
NC_016776.1	1764	0
NC_016776.1	1765	0
NC_016776.1	1766	0
NC_016776.1	1767	0
NC_016776.1	1768	0
NC_016776.1	1769	0
NC_016776.1	1770	0
NC_016776.1	1771	0
NC_016776.1	1772	0
NC_016776.1	1773	0
NC_016776.1	1774	0
NC_016776.1	1775	0
NC_016776.1	1776	0
NC_016776.1	1777	0
NC_016776.1	1778	0
NC_016776.1	1779	0
NC_016776.1	1780	0
NC_016776.1	1781	0
NC_016776.1	1782	0
NC_016776.1	1783	0
NC_016776.1	1784	0
NC_016776.1	1785	0
NC_016776.1	1786	0
NC_016776.1	1787	0
NC_016776.1	1788	0
NC_016776.1	1789	0
NC_016776.1	1790	0
NC_016776.1	1791	0
NC_016776.1	1792	0
NC_016776.1	1793	0
NC_016776.1	1794	0
NC_016776.1	1795	0
NC_016776.1	1796	0
NC_016776.1	1797	0
NC_016776.1	1798	0
NC_016776.1	1799	0
NC_016776.1	1800	0
NC_016776.1	1801	0
NC_016776.1	1802	0
NC_016776.1	1803	0
NC_016776.1	1804	0
NC_016776.1	1805	0
NC_016776.1	1806	0
NC_016776.1	1807	0
NC_016776.1	1808	0
NC_016776.1	1809	0
NC_016776.1	1810	0
NC_016776.1	1811	0
NC_016776.1	1812	0
NC_016776.1	1813	0
NC_016776.1	1814	0
NC_016776.1	1815	0
NC_016776.1	1816	0
NC_016776.1	1817	0
NC_016776.1	1818	0
NC_016776.1	1819	0
NC_016776.1	1820	0
NC_016776.1	1821	0
NC_016776.1	1822	0
NC_016776.1	1823	0
NC_016776.1	1824	0
NC_016776.1	1825	0
NC_016776.1	1826	0
NC_016776.1	1827	0
NC_016776.1	1828	0
NC_016776.1	1829	0
NC_016776.1	1830	0
NC_016776.1	1831	0
NC_016776.1	1832	0
NC_016776.1	1833	0
NC_016776.1	1834	0
NC_016776.1	1835	0
NC_016776.1	1836	0
NC_016776.1	1837	0
NC_016776.1	1838	0
NC_016776.1	1839	0
NC_016776.1	1840	0
NC_016776.1	1841	0
NC_016776.1	1842	0
NC_016776.1	1843	0
NC_016776.1	1844	0
NC_016776.1	1845	0
NC_016776.1	1846	0
NC_016776.1	1847	0
NC_016776.1	1848	0
NC_016776.1	1849	0
NC_016776.1	1850	0
NC_016776.1	1851	0
NC_016776.1	1852	0
NC_016776.1	1853	0
NC_016776.1	1854	0
NC_016776.1	1855	0
NC_016776.1	1856	0
NC_016776.1	1857	0
NC_016776.1	1858	0
NC_016776.1	1859	0
NC_016776.1	1860	0
NC_016776.1	1861	0
NC_016776.1	1862	0
NC_016776.1	1863	0
NC_016776.1	1864	0
NC_016776.1	1865	0
NC_016776.1	1866	0
NC_016776.1	1867	0
NC_016776.1	1868	0
NC_016776.1	1869	0
NC_016776.1	1870	0
NC_016776.1	1871	0
NC_016776.1	1872	0
NC_016776.1	1873	0
NC_016776.1	1874	0
NC_016776.1	1875	0
NC_016776.1	1876	0
NC_016776.1	1877	0
NC_016776.1	1878	0
NC_016776.1	1879	0
NC_016776.1	1880	0
NC_016776.1	1881	0
NC_016776.1	1882	1
NC_016776.1	1883	1
NC_016776.1	1884	1
NC_016776.1	1885	1
NC_016776.1	1886	1
NC_016776.1	1887	1
NC_016776.1	1888	1
NC_016776.1	1889	1
NC_016776.1	1890	1
NC_016776.1	1891	1
NC_016776.1	1892	1
NC_016776.1	1893	1
NC_016776.1	1894	1
NC_016776.1	1895	1
NC_016776.1	1896	2
NC_016776.1	1897	2
NC_016776.1	1898	2
NC_016776.1	1899	2
NC_016776.1	1900	2
NC_016776.1	1901	2
NC_016776.1	1902	2
NC_016776.1	1903	2
NC_016776.1	1904	2
NC_016776.1	1905	2
NC_016776.1	1906	2
NC_016776.1	1907	2
NC_016776.1	1908	2
NC_016776.1	1909	2
NC_016776.1	1910	2
NC_016776.1	1911	2
NC_016776.1	1912	2
NC_016776.1	1913	2
NC_016776.1	1914	2
NC_016776.1	1915	2
NC_016776.1	1916	2
NC_016776.1	1917	2
NC_016776.1	1918	2
NC_016776.1	1919	2
NC_016776.1	1920	2
NC_016776.1	1921	2
NC_016776.1	1922	2
NC_016776.1	1923	2
NC_016776.1	1924	2
NC_016776.1	1925	2
NC_016776.1	1926	2
NC_016776.1	1927	2
NC_016776.1	1928	2
NC_016776.1	1929	2
NC_016776.1	1930	2
NC_016776.1	1931	2
NC_016776.1	1932	2
NC_016776.1	1933	2
NC_016776.1	1934	2
NC_016776.1	1935	2
NC_016776.1	1936	2
NC_016776.1	1937	2
NC_016776.1	1938	2
NC_016776.1	1939	2
NC_016776.1	1940	2
NC_016776.1	1941	2
NC_016776.1	1942	2
NC_016776.1	1943	2
NC_016776.1	1944	2
NC_016776.1	1945	2
NC_016776.1	1946	2
NC_016776.1	1947	2
NC_016776.1	1948	2
NC_016776.1	1949	2
NC_016776.1	1950	2
NC_016776.1	1951	2
NC_016776.1	1952	2
NC_016776.1	1953	2
NC_016776.1	1954	2
NC_016776.1	1955	2
NC_016776.1	1956	2
NC_016776.1	1957	2
NC_016776.1	1958	2
NC_016776.1	1959	2
NC_016776.1	1960	2
NC_016776.1	1961	2
NC_016776.1	1962	2
NC_016776.1	1963	2
NC_016776.1	1964	2
NC_016776.1	1965	2
NC_016776.1	1966	2
NC_016776.1	1967	2
NC_016776.1	1968	2
NC_016776.1	1969	2
NC_016776.1	1970	2
NC_016776.1	1971	2
NC_016776.1	1972	2
NC_016776.1	1973	2
NC_016776.1	1974	2
NC_016776.1	1975	2
NC_016776.1	1976	2
NC_016776.1	1977	2
NC_016776.1	1978	2
NC_016776.1	1979	2
NC_016776.1	1980	2
NC_016776.1	1981	2
NC_016776.1	1982	2
NC_016776.1	1983	2
NC_016776.1	1984	2
NC_016776.1	1985	2
NC_016776.1	1986	2
NC_016776.1	1987	2
NC_016776.1	1988	2
NC_016776.1	1989	2
NC_016776.1	1990	2
NC_016776.1	1991	2
NC_016776.1	1992	2
NC_016776.1	1993	2
NC_016776.1	1994	2
NC_016776.1	1995	2
NC_016776.1	1996	2
NC_016776.1	1997	2
NC_016776.1	1998	2
NC_016776.1	1999	2
NC_016776.1	2000	2
NC_016776.1	2001	2
NC_016776.1	2002	2
NC_016776.1	2003	2
NC_016776.1	2004	2
NC_016776.1	2005	2
NC_016776.1	2006	2
NC_016776.1	2007	2
NC_016776.1	2008	2
NC_016776.1	2009	2
NC_016776.1	2010	2
NC_016776.1	2011	2
NC_016776.1	2012	2
NC_016776.1	2013	2
NC_016776.1	2014	2
NC_016776.1	2015	2
NC_016776.1	2016	2
NC_016776.1	2017	2
NC_016776.1	2018	2
NC_016776.1	2019	2
NC_016776.1	2020	2
NC_016776.1	2021	2
NC_016776.1	2022	2
NC_016776.1	2023	2
NC_016776.1	2024	2
NC_016776.1	2025	2
NC_016776.1	2026	2
NC_016776.1	2027	2
NC_016776.1	2028	2
NC_016776.1	2029	2
NC_016776.1	2030	2
NC_016776.1	2031	2
NC_016776.1	2032	2
NC_016776.1	2033	2
NC_016776.1	2034	2
NC_016776.1	2035	2
NC_016776.1	2036	2
NC_016776.1	2037	2
NC_016776.1	2038	2
NC_016776.1	2039	2
NC_016776.1	2040	2
NC_016776.1	2041	2
NC_016776.1	2042	2
NC_016776.1	2043	2
NC_016776.1	2044	2
NC_016776.1	2045	2
NC_016776.1	2046	2
NC_016776.1	2047	1
NC_016776.1	2048	1
NC_016776.1	2049	1
NC_016776.1	2050	1
NC_016776.1	2051	1
NC_016776.1	2052	1
NC_016776.1	2053	1
NC_016776.1	2054	1
NC_016776.1	2055	1
NC_016776.1	2056	1
NC_016776.1	2057	1
NC_016776.1	2058	1
NC_016776.1	2059	1
NC_016776.1	2060	1
NC_016776.1	2061	1
NC_016776.1	2062	1
NC_016776.1	2063	1
NC_016776.1	2064	1
NC_016776.1	2065	1
NC_016776.1	2066	1
NC_016776.1	2067	1
NC_016776.1	2068	1
NC_016776.1	2069	1
NC_016776.1	2070	1
NC_016776.1	2071	1
NC_016776.1	2072	1
NC_016776.1	2073	1
NC_016776.1	2074	1
NC_016776.1	2075	1
NC_016776.1	2076	1
NC_016776.1	2077	1
NC_016776.1	2078	1
NC_016776.1	2079	1
NC_016776.1	2080	1
NC_016776.1	2081	1
NC_016776.1	2082	1
NC_016776.1	2083	1
NC_016776.1	2084	1
NC_016776.1	2085	1
NC_016776.1	2086	1
NC_016776.1	2087	1
NC_016776.1	2088	1
NC_016776.1	2089	1
NC_016776.1	2090	1
NC_016776.1	2091	1
NC_016776.1	2092	1
NC_016776.1	2093	1
NC_016776.1	2094	1
NC_016776.1	2095	1
NC_016776.1	2096	1
NC_016776.1	2097	1
NC_016776.1	2098	1
NC_016776.1	2099	1
NC_016776.1	2100	1
NC_016776.1	2101	1
NC_016776.1	2102	1
NC_016776.1	2103	1
NC_016776.1	2104	1
NC_016776.1	2105	1
NC_016776.1	2106	1
NC_016776.1	2107	1
NC_016776.1	2108	1
NC_016776.1	2109	1
NC_016776.1	2110	1
NC_016776.1	2111	1
NC_016776.1	2112	1
NC_016776.1	2113	1
NC_016776.1	2114	1
NC_016776.1	2115	1
NC_016776.1	2116	1
NC_016776.1	2117	1
NC_016776.1	2118	1
NC_016776.1	2119	1
NC_016776.1	2120	1
NC_016776.1	2121	1
NC_016776.1	2122	1
NC_016776.1	2123	1
NC_016776.1	2124	1
NC_016776.1	2125	1
NC_016776.1	2126	1
NC_016776.1	2127	1
NC_016776.1	2128	1
NC_016776.1	2129	1
NC_016776.1	2130	1
NC_016776.1	2131	1
NC_016776.1	2132	1
NC_016776.1	2133	1
NC_016776.1	2134	1
NC_016776.1	2135	1
NC_016776.1	2136	1
NC_016776.1	2137	1
NC_016776.1	2138	1
NC_016776.1	2139	2
NC_016776.1	2140	2
NC_016776.1	2141	2
NC_016776.1	2142	2
NC_016776.1	2143	2
NC_016776.1	2144	2
NC_016776.1	2145	2
NC_016776.1	2146	2
NC_016776.1	2147	2
NC_016776.1	2148	2
NC_016776.1	2149	2
NC_016776.1	2150	2
NC_016776.1	2151	2
NC_016776.1	2152	2
NC_016776.1	2153	2
NC_016776.1	2154	2
NC_016776.1	2155	2
NC_016776.1	2156	2
NC_016776.1	2157	2
NC_016776.1	2158	2
NC_016776.1	2159	2
NC_016776.1	2160	1
NC_016776.1	2161	1
NC_016776.1	2162	1
NC_016776.1	2163	1
NC_016776.1	2164	1
NC_016776.1	2165	1
NC_016776.1	2166	1
NC_016776.1	2167	1
NC_016776.1	2168	1
NC_016776.1	2169	1
NC_016776.1	2170	1
NC_016776.1	2171	1
NC_016776.1	2172	1
NC_016776.1	2173	1
NC_016776.1	2174	1
NC_016776.1	2175	1
NC_016776.1	2176	1
NC_016776.1	2177	1
NC_016776.1	2178	1
NC_016776.1	2179	1
NC_016776.1	2180	1
NC_016776.1	2181	1
NC_016776.1	2182	1
NC_016776.1	2183	1
NC_016776.1	2184	1
NC_016776.1	2185	1
NC_016776.1	2186	1
NC_016776.1	2187	1
NC_016776.1	2188	1
NC_016776.1	2189	1
NC_016776.1	2190	1
NC_016776.1	2191	1
NC_016776.1	2192	1
NC_016776.1	2193	1
NC_016776.1	2194	1
NC_016776.1	2195	1
NC_016776.1	2196	1
NC_016776.1	2197	1
NC_016776.1	2198	1
NC_016776.1	2199	1
NC_016776.1	2200	1
NC_016776.1	2201	1
NC_016776.1	2202	1
NC_016776.1	2203	1
NC_016776.1	2204	1
NC_016776.1	2205	1
NC_016776.1	2206	0
NC_016776.1	2207	0
NC_016776.1	2208	0
NC_016776.1	2209	0
NC_016776.1	2210	0
NC_016776.1	2211	0
NC_016776.1	2212	0
NC_016776.1	2213	0
NC_016776.1	2214	0
NC_016776.1	2215	0
NC_016776.1	2216	0
NC_016776.1	2217	0
NC_016776.1	2218	0
NC_016776.1	2219	0
NC_016776.1	2220	0
NC_016776.1	2221	0
NC_016776.1	2222	0
NC_016776.1	2223	0
NC_016776.1	2224	0
NC_016776.1	2225	0
NC_016776.1	2226	0
NC_016776.1	2227	0
NC_016776.1	2228	0
NC_016776.1	2229	0
NC_016776.1	2230	0
NC_016776.1	2231	0
NC_016776.1	2232	0
NC_016776.1	2233	0
NC_016776.1	2234	0
NC_016776.1	2235	0
NC_016776.1	2236	0
NC_016776.1	2237	0
NC_016776.1	2238	0
NC_016776.1	2239	0
NC_016776.1	2240	0
NC_016776.1	2241	0
NC_016776.1	2242	0
NC_016776.1	2243	0
NC_016776.1	2244	0
NC_016776.1	2245	0
NC_016776.1	2246	0
NC_016776.1	2247	0
NC_016776.1	2248	0
NC_016776.1	2249	0
NC_016776.1	2250	0
NC_016776.1	2251	0
NC_016776.1	2252	0
NC_016776.1	2253	0
NC_016776.1	2254	0
NC_016776.1	2255	0
NC_016776.1	2256	0
NC_016776.1	2257	0
NC_016776.1	2258	0
NC_016776.1	2259	0
NC_016776.1	2260	0
NC_016776.1	2261	0
NC_016776.1	2262	0
NC_016776.1	2263	0
NC_016776.1	2264	0
NC_016776.1	2265	0
NC_016776.1	2266	0
NC_016776.1	2267	0
NC_016776.1	2268	0
NC_016776.1	2269	0
NC_016776.1	2270	0
NC_016776.1	2271	0
NC_016776.1	2272	0
NC_016776.1	2273	0
NC_016776.1	2274	0
NC_016776.1	2275	0
NC_016776.1	2276	0
NC_016776.1	2277	0
NC_016776.1	2278	0
NC_016776.1	2279	0
NC_016776.1	2280	0
NC_016776.1	2281	0
NC_016776.1	2282	0
NC_016776.1	2283	0
NC_016776.1	2284	0
NC_016776.1	2285	0
NC_016776.1	2286	0
NC_016776.1	2287	0
NC_016776.1	2288	0
NC_016776.1	2289	0
NC_016776.1	2290	0
NC_016776.1	2291	0
NC_016776.1	2292	0
NC_016776.1	2293	0
NC_016776.1	2294	0
NC_016776.1	2295	0
NC_016776.1	2296	0
NC_016776.1	2297	0
NC_016776.1	2298	0
NC_016776.1	2299	0
NC_016776.1	2300	0
NC_016776.1	2301	0
NC_016776.1	2302	0
NC_016776.1	2303	0
NC_016776.1	2304	0
NC_016776.1	2305	0
NC_016776.1	2306	0
NC_016776.1	2307	0
NC_016776.1	2308	0
NC_016776.1	2309	0
NC_016776.1	2310	0
NC_016776.1	2311	0
NC_016776.1	2312	0
NC_016776.1	2313	0
NC_016776.1	2314	0
NC_016776.1	2315	0
NC_016776.1	2316	0
NC_016776.1	2317	0
NC_016776.1	2318	0
NC_016776.1	2319	0
NC_016776.1	2320	0
NC_016776.1	2321	0
NC_016776.1	2322	0
NC_016776.1	2323	0
NC_016776.1	2324	0
NC_016776.1	2325	0
NC_016776.1	2326	0
NC_016776.1	2327	0
NC_016776.1	2328	0
NC_016776.1	2329	0
NC_016776.1	2330	0
NC_016776.1	2331	0
NC_016776.1	2332	0
NC_016776.1	2333	0
NC_016776.1	2334	0
NC_016776.1	2335	0
NC_016776.1	2336	0
NC_016776.1	2337	0
NC_016776.1	2338	0
NC_016776.1	2339	0
NC_016776.1	2340	0
NC_016776.1	2341	0
NC_016776.1	2342	0
NC_016776.1	2343	0
NC_016776.1	2344	0
NC_016776.1	2345	0
NC_016776.1	2346	0
NC_016776.1	2347	0
NC_016776.1	2348	0
NC_016776.1	2349	0
NC_016776.1	2350	0
NC_016776.1	2351	0
NC_016776.1	2352	0
NC_016776.1	2353	0
NC_016776.1	2354	0
NC_016776.1	2355	0
NC_016776.1	2356	0
NC_016776.1	2357	0
NC_016776.1	2358	0
NC_016776.1	2359	0
NC_016776.1	2360	0
NC_016776.1	2361	0
NC_016776.1	2362	0
NC_016776.1	2363	0
NC_016776.1	2364	0
NC_016776.1	2365	0
NC_016776.1	2366	0
NC_016776.1	2367	0
NC_016776.1	2368	0
NC_016776.1	2369	0
NC_016776.1	2370	0
NC_016776.1	2371	0
NC_016776.1	2372	0
NC_016776.1	2373	0
NC_016776.1	2374	0
NC_016776.1	2375	0
NC_016776.1	2376	0
NC_016776.1	2377	0
NC_016776.1	2378	0
NC_016776.1	2379	0
NC_016776.1	2380	0
NC_016776.1	2381	0
NC_016776.1	2382	0
NC_016776.1	2383	0
NC_016776.1	2384	0
NC_016776.1	2385	0
NC_016776.1	2386	0
NC_016776.1	2387	0
NC_016776.1	2388	0
NC_016776.1	2389	0
NC_016776.1	2390	0
NC_016776.1	2391	0
NC_016776.1	2392	0
NC_016776.1	2393	0
NC_016776.1	2394	0
NC_016776.1	2395	0
NC_016776.1	2396	0
NC_016776.1	2397	0
NC_016776.1	2398	0
NC_016776.1	2399	0
NC_016776.1	2400	0
NC_016776.1	2401	0
NC_016776.1	2402	0
NC_016776.1	2403	0
NC_016776.1	2404	0
NC_016776.1	2405	0
NC_016776.1	2406	0
NC_016776.1	2407	0
NC_016776.1	2408	0
NC_016776.1	2409	0
NC_016776.1	2410	0
NC_016776.1	2411	0
NC_016776.1	2412	0
NC_016776.1	2413	0
NC_016776.1	2414	0
NC_016776.1	2415	0
NC_016776.1	2416	0
NC_016776.1	2417	0
NC_016776.1	2418	0
NC_016776.1	2419	0
NC_016776.1	2420	0
NC_016776.1	2421	0
NC_016776.1	2422	0
NC_016776.1	2423	0
NC_016776.1	2424	0
NC_016776.1	2425	0
NC_016776.1	2426	0
NC_016776.1	2427	0
NC_016776.1	2428	0
NC_016776.1	2429	0
NC_016776.1	2430	0
NC_016776.1	2431	0
NC_016776.1	2432	0
NC_016776.1	2433	0
NC_016776.1	2434	0
NC_016776.1	2435	0
NC_016776.1	2436	0
NC_016776.1	2437	0
NC_016776.1	2438	0
NC_016776.1	2439	0
NC_016776.1	2440	0
NC_016776.1	2441	0
NC_016776.1	2442	0
NC_016776.1	2443	0
NC_016776.1	2444	0
NC_016776.1	2445	0
NC_016776.1	2446	0
NC_016776.1	2447	0
NC_016776.1	2448	0
NC_016776.1	2449	0
NC_016776.1	2450	0
NC_016776.1	2451	0
NC_016776.1	2452	0
NC_016776.1	2453	0
NC_016776.1	2454	0
NC_016776.1	2455	0
NC_016776.1	2456	0
NC_016776.1	2457	0
NC_016776.1	2458	0
NC_016776.1	2459	0
NC_016776.1	2460	0
NC_016776.1	2461	0
NC_016776.1	2462	0
NC_016776.1	2463	0
NC_016776.1	2464	0
NC_016776.1	2465	0
NC_016776.1	2466	0
NC_016776.1	2467	0
NC_016776.1	2468	0
NC_016776.1	2469	0
NC_016776.1	2470	0
NC_016776.1	2471	0
NC_016776.1	2472	0
NC_016776.1	2473	0
NC_016776.1	2474	0
NC_016776.1	2475	0
NC_016776.1	2476	0
NC_016776.1	2477	0
NC_016776.1	2478	0
NC_016776.1	2479	0
NC_016776.1	2480	0
NC_016776.1	2481	0
NC_016776.1	2482	0
NC_016776.1	2483	0
NC_016776.1	2484	0
NC_016776.1	2485	0
NC_016776.1	2486	0
NC_016776.1	2487	0
NC_016776.1	2488	0
NC_016776.1	2489	0
NC_016776.1	2490	0
NC_016776.1	2491	0
NC_016776.1	2492	0
NC_016776.1	2493	0
NC_016776.1	2494	1
NC_016776.1	2495	1
NC_016776.1	2496	1
NC_016776.1	2497	1
NC_016776.1	2498	1
NC_016776.1	2499	1
NC_016776.1	2500	1
NC_016776.1	2501	1
NC_016776.1	2502	1
NC_016776.1	2503	1
NC_016776.1	2504	1
NC_016776.1	2505	1
NC_016776.1	2506	1
NC_016776.1	2507	1
NC_016776.1	2508	1
NC_016776.1	2509	1
NC_016776.1	2510	1
NC_016776.1	2511	1
