Sampling	Contig	PeakStart	PeakEnd	ReadCount	ReadDepth
EMPIRICAL	NZ_JH724079.1	67578	68312	1	1
EMPIRICAL	NZ_JH724079.1	274534	275268	0	0
EMPIRICAL	NZ_JH724079.1	524767	525501	2	1
EMPIRICAL	NZ_JH724079.1	552265	552999	170	62
EMPIRICAL	NZ_JH724079.1	598995	599729	0	0
EMPIRICAL	NZ_JH724079.1	647503	648237	7	7
EMPIRICAL	NZ_JH724079.1	657177	657911	1966	1495
EMPIRICAL	NZ_JH724079.1	787220	787954	1	1
EMPIRICAL	NZ_JH724079.1	794357	795091	321	102
EMPIRICAL	NZ_JH724079.1	824145	824879	54	24
EMPIRICAL	NZ_JH724079.1	868394	869128	380	87
EMPIRICAL	NZ_JH724079.1	914721	915455	18	18
EMPIRICAL	NZ_JH724079.1	1069096	1069830	193	52
EMPIRICAL	NZ_JH724079.1	1144079	1144813	0	0
EMPIRICAL	NZ_JH724079.1	1280280	1281014	950	949
EMPIRICAL	NZ_JH724079.1	1432260	1432994	0	0
EMPIRICAL	NZ_JH724079.1	1519955	1520689	0	0
EMPIRICAL	NZ_JH724079.1	1591290	1591834	308	85
EMPIRICAL	NZ_JH724079.1	1654364	1655098	0	0
EMPIRICAL	NZ_JH724079.1	1706122	1706856	1	1
EMPIRICAL	NZ_JH724079.1	1760420	1761531	1912	456
EMPIRICAL	NZ_JH724079.1	1774169	1774903	0	0
EMPIRICAL	NZ_JH724079.1	1900536	1901270	0	0
EMPIRICAL	NZ_JH724079.1	1953115	1953849	0	0
EMPIRICAL	NZ_JH724079.1	2193257	2193991	0	0
EMPIRICAL	NZ_JH724079.1	2201194	2201928	0	0
EMPIRICAL	NZ_JH724079.1	2426945	2427679	45	15
EMPIRICAL	NZ_JH724079.1	2450764	2451498	0	0
EMPIRICAL	NZ_JH724079.1	2522236	2522970	1	1
EMPIRICAL	NZ_JH724079.1	2612400	2613134	0	0
EMPIRICAL	NZ_JH724079.1	2671944	2672678	0	0
EMPIRICAL	NZ_JH724079.1	2672739	2673283	37	16
EMPIRICAL	NZ_JH724079.1	2777994	2778819	101	64
EMPIRICAL	NZ_JH724079.1	2800643	2802111	1910	504
EMPIRICAL	NZ_JH724079.1	2810204	2810748	11	4
EMPIRICAL	NZ_JH724079.1	2814259	2814993	0	0
EMPIRICAL	NZ_JH724079.1	2845458	2846192	1	1
EMPIRICAL	NZ_JH724079.1	2914172	2914906	0	0
EMPIRICAL	NZ_JH724079.1	2965860	2966594	0	0
EMPIRICAL	NZ_JH724079.1	3009281	3009825	2736	705
EMPIRICAL	NZ_JH724079.1	3189492	3190226	0	0
EMPIRICAL	NZ_JH724079.1	3192465	3193199	0	0
EMPIRICAL	NZ_JH724079.1	3229626	3230170	642	247
EMPIRICAL	NZ_JH724079.1	3243529	3244263	203	72
EMPIRICAL	NZ_JH724079.1	3264057	3264791	1	1
EMPIRICAL	NZ_JH724079.1	3370840	3371894	332	88
EMPIRICAL	NZ_JH724079.1	3423299	3424033	36	11
EMPIRICAL	NZ_JH724079.1	3585192	3585926	0	0
EMPIRICAL	NZ_JH724079.1	3624887	3625621	0	0
EMPIRICAL	NZ_JH724079.1	3689041	3689775	3	2
EMPIRICAL	NZ_JH724079.1	3690787	3691331	113	38
EMPIRICAL	NZ_JH724079.1	3763406	3764140	0	0
EMPIRICAL	NZ_JH724079.1	3813584	3814318	5	5
EMPIRICAL	NZ_JH724079.1	3982480	3983214	0	0
EMPIRICAL	NZ_JH724079.1	4000331	4000875	30	10
EMPIRICAL	NZ_JH724080.1	96489	97542	229	75
EMPIRICAL	NZ_JH724080.1	133931	134665	0	0
EMPIRICAL	NZ_JH724080.1	196609	197153	109	32
EMPIRICAL	NZ_JH724080.1	198643	199377	16	9
EMPIRICAL	NZ_JH724080.1	218104	218838	1	1
EMPIRICAL	NZ_JH724080.1	247177	247911	0	0
EMPIRICAL	NZ_JH724080.1	259942	260486	15	12
EMPIRICAL	NZ_JH724080.1	290857	291591	0	0
EMPIRICAL	NZ_JH724080.1	334280	335014	300	81
EMPIRICAL	NZ_JH724080.1	410206	410940	1564	470
EMPIRICAL	NZ_JH724080.1	424217	424761	33	12
EMPIRICAL	NZ_JH724080.1	465144	465878	0	0
EMPIRICAL	NZ_JH724080.1	576042	576776	0	0
EMPIRICAL	NZ_JH724080.1	583726	584270	11	6
EMPIRICAL	NZ_JH724081.1	65913	66647	0	0
EMPIRICAL	NZ_JH724081.1	128351	129085	0	0
EMPIRICAL	NZ_JH724081.1	161231	161965	0	0
EMPIRICAL	NZ_JH724081.1	196336	196880	23	10
EMPIRICAL	NZ_JH724081.1	308654	309388	992	327
EMPIRICAL	NZ_JH724081.1	333049	333783	1	1
EMPIRICAL	NZ_JH724081.1	346334	347068	0	0
EMPIRICAL	NZ_JH724081.1	360493	361227	1	1
EMPIRICAL	NZ_JH724081.1	361828	362372	1997	495
EMPIRICAL	NZ_JH724081.1	409540	410274	5	3
EMPIRICAL	NZ_JH724081.1	485886	486620	0	0
EMPIRICAL	NZ_JH724081.1	504763	505497	1	1
EMPIRICAL	NZ_JH724081.1	508475	509019	62	25
EMPIRICAL	NZ_JH724082.1	6999	7543	17	8
EMPIRICAL	NZ_JH724082.1	9923	10467	6	3
EMPIRICAL	NZ_JH724082.1	15792	16526	1	1
EMPIRICAL	NZ_JH724082.1	197654	198198	4	2
EMPIRICAL	NZ_JH724082.1	211583	212317	0	0
BOOTSTRAP1	NZ_JH724079.1	67578	68312	1	1
BOOTSTRAP1	NZ_JH724079.1	274534	275268	0	0
BOOTSTRAP1	NZ_JH724079.1	524767	525501	5	3
BOOTSTRAP1	NZ_JH724079.1	552265	552999	187	70
BOOTSTRAP1	NZ_JH724079.1	598995	599729	0	0
BOOTSTRAP1	NZ_JH724079.1	647503	648237	13	13
BOOTSTRAP1	NZ_JH724079.1	657177	657911	1999	1526
BOOTSTRAP1	NZ_JH724079.1	787220	787954	0	0
BOOTSTRAP1	NZ_JH724079.1	794357	795091	326	101
BOOTSTRAP1	NZ_JH724079.1	824145	824879	58	28
BOOTSTRAP1	NZ_JH724079.1	868394	869128	363	81
BOOTSTRAP1	NZ_JH724079.1	914721	915455	26	26
BOOTSTRAP1	NZ_JH724079.1	1069096	1069830	199	57
BOOTSTRAP1	NZ_JH724079.1	1144079	1144813	0	0
BOOTSTRAP1	NZ_JH724079.1	1280280	1281014	1010	1010
BOOTSTRAP1	NZ_JH724079.1	1432260	1432994	0	0
BOOTSTRAP1	NZ_JH724079.1	1519955	1520689	0	0
BOOTSTRAP1	NZ_JH724079.1	1591290	1591834	281	79
BOOTSTRAP1	NZ_JH724079.1	1654364	1655098	0	0
BOOTSTRAP1	NZ_JH724079.1	1706122	1706856	2	2
BOOTSTRAP1	NZ_JH724079.1	1760420	1761531	1900	452
BOOTSTRAP1	NZ_JH724079.1	1774169	1774903	0	0
BOOTSTRAP1	NZ_JH724079.1	1900536	1901270	0	0
BOOTSTRAP1	NZ_JH724079.1	1953115	1953849	0	0
BOOTSTRAP1	NZ_JH724079.1	2193257	2193991	0	0
BOOTSTRAP1	NZ_JH724079.1	2201194	2201928	0	0
BOOTSTRAP1	NZ_JH724079.1	2426945	2427679	42	19
BOOTSTRAP1	NZ_JH724079.1	2450764	2451498	0	0
BOOTSTRAP1	NZ_JH724079.1	2522236	2522970	1	1
BOOTSTRAP1	NZ_JH724079.1	2612400	2613134	0	0
BOOTSTRAP1	NZ_JH724079.1	2671944	2672678	0	0
BOOTSTRAP1	NZ_JH724079.1	2672739	2673283	29	11
BOOTSTRAP1	NZ_JH724079.1	2777994	2778819	114	71
BOOTSTRAP1	NZ_JH724079.1	2800643	2802111	1879	477
BOOTSTRAP1	NZ_JH724079.1	2810204	2810748	9	4
BOOTSTRAP1	NZ_JH724079.1	2814259	2814993	0	0
BOOTSTRAP1	NZ_JH724079.1	2845458	2846192	0	0
BOOTSTRAP1	NZ_JH724079.1	2914172	2914906	0	0
BOOTSTRAP1	NZ_JH724079.1	2965860	2966594	0	0
BOOTSTRAP1	NZ_JH724079.1	3009281	3009825	2725	727
BOOTSTRAP1	NZ_JH724079.1	3189492	3190226	0	0
BOOTSTRAP1	NZ_JH724079.1	3192465	3193199	0	0
BOOTSTRAP1	NZ_JH724079.1	3229626	3230170	604	234
BOOTSTRAP1	NZ_JH724079.1	3243529	3244263	209	81
BOOTSTRAP1	NZ_JH724079.1	3264057	3264791	1	1
BOOTSTRAP1	NZ_JH724079.1	3370840	3371894	379	99
BOOTSTRAP1	NZ_JH724079.1	3423299	3424033	40	16
BOOTSTRAP1	NZ_JH724079.1	3585192	3585926	0	0
BOOTSTRAP1	NZ_JH724079.1	3624887	3625621	0	0
BOOTSTRAP1	NZ_JH724079.1	3689041	3689775	1	1
BOOTSTRAP1	NZ_JH724079.1	3690787	3691331	100	33
BOOTSTRAP1	NZ_JH724079.1	3763406	3764140	0	0
BOOTSTRAP1	NZ_JH724079.1	3813584	3814318	3	3
BOOTSTRAP1	NZ_JH724079.1	3982480	3983214	0	0
BOOTSTRAP1	NZ_JH724079.1	4000331	4000875	40	16
BOOTSTRAP1	NZ_JH724080.1	96489	97542	227	71
BOOTSTRAP1	NZ_JH724080.1	133931	134665	0	0
BOOTSTRAP1	NZ_JH724080.1	196609	197153	123	34
BOOTSTRAP1	NZ_JH724080.1	198643	199377	14	10
BOOTSTRAP1	NZ_JH724080.1	218104	218838	4	4
BOOTSTRAP1	NZ_JH724080.1	247177	247911	0	0
BOOTSTRAP1	NZ_JH724080.1	259942	260486	16	14
BOOTSTRAP1	NZ_JH724080.1	290857	291591	0	0
BOOTSTRAP1	NZ_JH724080.1	334280	335014	280	80
BOOTSTRAP1	NZ_JH724080.1	410206	410940	1549	447
BOOTSTRAP1	NZ_JH724080.1	424217	424761	34	14
BOOTSTRAP1	NZ_JH724080.1	465144	465878	0	0
BOOTSTRAP1	NZ_JH724080.1	576042	576776	0	0
BOOTSTRAP1	NZ_JH724080.1	583726	584270	16	8
BOOTSTRAP1	NZ_JH724081.1	65913	66647	0	0
BOOTSTRAP1	NZ_JH724081.1	128351	129085	0	0
BOOTSTRAP1	NZ_JH724081.1	161231	161965	0	0
BOOTSTRAP1	NZ_JH724081.1	196336	196880	26	12
BOOTSTRAP1	NZ_JH724081.1	308654	309388	995	285
BOOTSTRAP1	NZ_JH724081.1	333049	333783	0	0
BOOTSTRAP1	NZ_JH724081.1	346334	347068	0	0
BOOTSTRAP1	NZ_JH724081.1	360493	361227	1	1
BOOTSTRAP1	NZ_JH724081.1	361828	362372	1966	548
BOOTSTRAP1	NZ_JH724081.1	409540	410274	6	5
BOOTSTRAP1	NZ_JH724081.1	485886	486620	0	0
BOOTSTRAP1	NZ_JH724081.1	504763	505497	0	0
BOOTSTRAP1	NZ_JH724081.1	508475	509019	57	24
BOOTSTRAP1	NZ_JH724082.1	6999	7543	16	9
BOOTSTRAP1	NZ_JH724082.1	9923	10467	6	3
BOOTSTRAP1	NZ_JH724082.1	15792	16526	2	2
BOOTSTRAP1	NZ_JH724082.1	197654	198198	7	5
BOOTSTRAP1	NZ_JH724082.1	211583	212317	0	0
BOOTSTRAP2	NZ_JH724079.1	67578	68312	1	1
BOOTSTRAP2	NZ_JH724079.1	274534	275268	0	0
BOOTSTRAP2	NZ_JH724079.1	524767	525501	0	0
BOOTSTRAP2	NZ_JH724079.1	552265	552999	169	61
BOOTSTRAP2	NZ_JH724079.1	598995	599729	0	0
BOOTSTRAP2	NZ_JH724079.1	647503	648237	8	8
BOOTSTRAP2	NZ_JH724079.1	657177	657911	1940	1466
BOOTSTRAP2	NZ_JH724079.1	787220	787954	1	1
BOOTSTRAP2	NZ_JH724079.1	794357	795091	319	96
BOOTSTRAP2	NZ_JH724079.1	824145	824879	59	25
BOOTSTRAP2	NZ_JH724079.1	868394	869128	380	92
BOOTSTRAP2	NZ_JH724079.1	914721	915455	29	29
BOOTSTRAP2	NZ_JH724079.1	1069096	1069830	196	62
BOOTSTRAP2	NZ_JH724079.1	1144079	1144813	0	0
BOOTSTRAP2	NZ_JH724079.1	1280280	1281014	956	956
BOOTSTRAP2	NZ_JH724079.1	1432260	1432994	0	0
BOOTSTRAP2	NZ_JH724079.1	1519955	1520689	0	0
BOOTSTRAP2	NZ_JH724079.1	1591290	1591834	306	71
BOOTSTRAP2	NZ_JH724079.1	1654364	1655098	0	0
BOOTSTRAP2	NZ_JH724079.1	1706122	1706856	1	1
BOOTSTRAP2	NZ_JH724079.1	1760420	1761531	1991	512
BOOTSTRAP2	NZ_JH724079.1	1774169	1774903	0	0
BOOTSTRAP2	NZ_JH724079.1	1900536	1901270	0	0
BOOTSTRAP2	NZ_JH724079.1	1953115	1953849	0	0
BOOTSTRAP2	NZ_JH724079.1	2193257	2193991	0	0
BOOTSTRAP2	NZ_JH724079.1	2201194	2201928	0	0
BOOTSTRAP2	NZ_JH724079.1	2426945	2427679	45	21
BOOTSTRAP2	NZ_JH724079.1	2450764	2451498	0	0
BOOTSTRAP2	NZ_JH724079.1	2522236	2522970	2	2
BOOTSTRAP2	NZ_JH724079.1	2612400	2613134	0	0
BOOTSTRAP2	NZ_JH724079.1	2671944	2672678	0	0
BOOTSTRAP2	NZ_JH724079.1	2672739	2673283	37	17
BOOTSTRAP2	NZ_JH724079.1	2777994	2778819	111	72
BOOTSTRAP2	NZ_JH724079.1	2800643	2802111	1858	494
BOOTSTRAP2	NZ_JH724079.1	2810204	2810748	8	4
BOOTSTRAP2	NZ_JH724079.1	2814259	2814993	0	0
BOOTSTRAP2	NZ_JH724079.1	2845458	2846192	0	0
BOOTSTRAP2	NZ_JH724079.1	2914172	2914906	0	0
BOOTSTRAP2	NZ_JH724079.1	2965860	2966594	0	0
BOOTSTRAP2	NZ_JH724079.1	3009281	3009825	2667	687
BOOTSTRAP2	NZ_JH724079.1	3189492	3190226	0	0
BOOTSTRAP2	NZ_JH724079.1	3192465	3193199	0	0
BOOTSTRAP2	NZ_JH724079.1	3229626	3230170	634	243
BOOTSTRAP2	NZ_JH724079.1	3243529	3244263	207	79
BOOTSTRAP2	NZ_JH724079.1	3264057	3264791	1	1
BOOTSTRAP2	NZ_JH724079.1	3370840	3371894	316	95
BOOTSTRAP2	NZ_JH724079.1	3423299	3424033	32	11
BOOTSTRAP2	NZ_JH724079.1	3585192	3585926	0	0
BOOTSTRAP2	NZ_JH724079.1	3624887	3625621	0	0
BOOTSTRAP2	NZ_JH724079.1	3689041	3689775	4	2
BOOTSTRAP2	NZ_JH724079.1	3690787	3691331	132	46
BOOTSTRAP2	NZ_JH724079.1	3763406	3764140	0	0
BOOTSTRAP2	NZ_JH724079.1	3813584	3814318	8	8
BOOTSTRAP2	NZ_JH724079.1	3982480	3983214	0	0
BOOTSTRAP2	NZ_JH724079.1	4000331	4000875	29	14
BOOTSTRAP2	NZ_JH724080.1	96489	97542	209	73
BOOTSTRAP2	NZ_JH724080.1	133931	134665	0	0
BOOTSTRAP2	NZ_JH724080.1	196609	197153	96	27
BOOTSTRAP2	NZ_JH724080.1	198643	199377	14	7
BOOTSTRAP2	NZ_JH724080.1	218104	218838	1	1
BOOTSTRAP2	NZ_JH724080.1	247177	247911	0	0
BOOTSTRAP2	NZ_JH724080.1	259942	260486	17	13
BOOTSTRAP2	NZ_JH724080.1	290857	291591	0	0
BOOTSTRAP2	NZ_JH724080.1	334280	335014	291	94
BOOTSTRAP2	NZ_JH724080.1	410206	410940	1588	511
BOOTSTRAP2	NZ_JH724080.1	424217	424761	33	14
BOOTSTRAP2	NZ_JH724080.1	465144	465878	0	0
BOOTSTRAP2	NZ_JH724080.1	576042	576776	0	0
BOOTSTRAP2	NZ_JH724080.1	583726	584270	5	4
BOOTSTRAP2	NZ_JH724081.1	65913	66647	0	0
BOOTSTRAP2	NZ_JH724081.1	128351	129085	0	0
BOOTSTRAP2	NZ_JH724081.1	161231	161965	0	0
BOOTSTRAP2	NZ_JH724081.1	196336	196880	23	12
BOOTSTRAP2	NZ_JH724081.1	308654	309388	1027	351
BOOTSTRAP2	NZ_JH724081.1	333049	333783	0	0
BOOTSTRAP2	NZ_JH724081.1	346334	347068	0	0
BOOTSTRAP2	NZ_JH724081.1	360493	361227	0	0
BOOTSTRAP2	NZ_JH724081.1	361828	362372	2023	502
BOOTSTRAP2	NZ_JH724081.1	409540	410274	5	4
BOOTSTRAP2	NZ_JH724081.1	485886	486620	0	0
BOOTSTRAP2	NZ_JH724081.1	504763	505497	2	2
BOOTSTRAP2	NZ_JH724081.1	508475	509019	51	22
BOOTSTRAP2	NZ_JH724082.1	6999	7543	19	8
BOOTSTRAP2	NZ_JH724082.1	9923	10467	5	3
BOOTSTRAP2	NZ_JH724082.1	15792	16526	0	0
BOOTSTRAP2	NZ_JH724082.1	197654	198198	3	1
BOOTSTRAP2	NZ_JH724082.1	211583	212317	0	0
BOOTSTRAP3	NZ_JH724079.1	67578	68312	0	0
BOOTSTRAP3	NZ_JH724079.1	274534	275268	0	0
BOOTSTRAP3	NZ_JH724079.1	524767	525501	4	2
BOOTSTRAP3	NZ_JH724079.1	552265	552999	193	75
BOOTSTRAP3	NZ_JH724079.1	598995	599729	0	0
BOOTSTRAP3	NZ_JH724079.1	647503	648237	10	10
BOOTSTRAP3	NZ_JH724079.1	657177	657911	1963	1504
BOOTSTRAP3	NZ_JH724079.1	787220	787954	0	0
BOOTSTRAP3	NZ_JH724079.1	794357	795091	309	103
BOOTSTRAP3	NZ_JH724079.1	824145	824879	56	24
BOOTSTRAP3	NZ_JH724079.1	868394	869128	356	108
BOOTSTRAP3	NZ_JH724079.1	914721	915455	17	17
BOOTSTRAP3	NZ_JH724079.1	1069096	1069830	198	48
BOOTSTRAP3	NZ_JH724079.1	1144079	1144813	0	0
BOOTSTRAP3	NZ_JH724079.1	1280280	1281014	947	947
BOOTSTRAP3	NZ_JH724079.1	1432260	1432994	0	0
BOOTSTRAP3	NZ_JH724079.1	1519955	1520689	0	0
BOOTSTRAP3	NZ_JH724079.1	1591290	1591834	291	82
BOOTSTRAP3	NZ_JH724079.1	1654364	1655098	0	0
BOOTSTRAP3	NZ_JH724079.1	1706122	1706856	0	0
BOOTSTRAP3	NZ_JH724079.1	1760420	1761531	1963	497
BOOTSTRAP3	NZ_JH724079.1	1774169	1774903	0	0
BOOTSTRAP3	NZ_JH724079.1	1900536	1901270	0	0
BOOTSTRAP3	NZ_JH724079.1	1953115	1953849	0	0
BOOTSTRAP3	NZ_JH724079.1	2193257	2193991	0	0
BOOTSTRAP3	NZ_JH724079.1	2201194	2201928	0	0
BOOTSTRAP3	NZ_JH724079.1	2426945	2427679	47	17
BOOTSTRAP3	NZ_JH724079.1	2450764	2451498	0	0
BOOTSTRAP3	NZ_JH724079.1	2522236	2522970	1	1
BOOTSTRAP3	NZ_JH724079.1	2612400	2613134	0	0
BOOTSTRAP3	NZ_JH724079.1	2671944	2672678	0	0
BOOTSTRAP3	NZ_JH724079.1	2672739	2673283	36	19
BOOTSTRAP3	NZ_JH724079.1	2777994	2778819	105	72
BOOTSTRAP3	NZ_JH724079.1	2800643	2802111	1895	510
BOOTSTRAP3	NZ_JH724079.1	2810204	2810748	18	7
BOOTSTRAP3	NZ_JH724079.1	2814259	2814993	0	0
BOOTSTRAP3	NZ_JH724079.1	2845458	2846192	1	1
BOOTSTRAP3	NZ_JH724079.1	2914172	2914906	0	0
BOOTSTRAP3	NZ_JH724079.1	2965860	2966594	0	0
BOOTSTRAP3	NZ_JH724079.1	3009281	3009825	2777	742
BOOTSTRAP3	NZ_JH724079.1	3189492	3190226	0	0
BOOTSTRAP3	NZ_JH724079.1	3192465	3193199	0	0
BOOTSTRAP3	NZ_JH724079.1	3229626	3230170	639	268
BOOTSTRAP3	NZ_JH724079.1	3243529	3244263	214	77
BOOTSTRAP3	NZ_JH724079.1	3264057	3264791	1	1
BOOTSTRAP3	NZ_JH724079.1	3370840	3371894	342	114
BOOTSTRAP3	NZ_JH724079.1	3423299	3424033	34	13
BOOTSTRAP3	NZ_JH724079.1	3585192	3585926	0	0
BOOTSTRAP3	NZ_JH724079.1	3624887	3625621	0	0
BOOTSTRAP3	NZ_JH724079.1	3689041	3689775	1	1
BOOTSTRAP3	NZ_JH724079.1	3690787	3691331	98	40
BOOTSTRAP3	NZ_JH724079.1	3763406	3764140	0	0
BOOTSTRAP3	NZ_JH724079.1	3813584	3814318	3	3
BOOTSTRAP3	NZ_JH724079.1	3982480	3983214	0	0
BOOTSTRAP3	NZ_JH724079.1	4000331	4000875	27	11
BOOTSTRAP3	NZ_JH724080.1	96489	97542	212	79
BOOTSTRAP3	NZ_JH724080.1	133931	134665	0	0
BOOTSTRAP3	NZ_JH724080.1	196609	197153	106	34
BOOTSTRAP3	NZ_JH724080.1	198643	199377	15	9
BOOTSTRAP3	NZ_JH724080.1	218104	218838	0	0
BOOTSTRAP3	NZ_JH724080.1	247177	247911	0	0
BOOTSTRAP3	NZ_JH724080.1	259942	260486	17	14
BOOTSTRAP3	NZ_JH724080.1	290857	291591	0	0
BOOTSTRAP3	NZ_JH724080.1	334280	335014	299	80
BOOTSTRAP3	NZ_JH724080.1	410206	410940	1564	476
BOOTSTRAP3	NZ_JH724080.1	424217	424761	30	11
BOOTSTRAP3	NZ_JH724080.1	465144	465878	0	0
BOOTSTRAP3	NZ_JH724080.1	576042	576776	0	0
BOOTSTRAP3	NZ_JH724080.1	583726	584270	12	7
BOOTSTRAP3	NZ_JH724081.1	65913	66647	0	0
BOOTSTRAP3	NZ_JH724081.1	128351	129085	0	0
BOOTSTRAP3	NZ_JH724081.1	161231	161965	0	0
BOOTSTRAP3	NZ_JH724081.1	196336	196880	30	14
BOOTSTRAP3	NZ_JH724081.1	308654	309388	992	356
BOOTSTRAP3	NZ_JH724081.1	333049	333783	1	1
BOOTSTRAP3	NZ_JH724081.1	346334	347068	0	0
BOOTSTRAP3	NZ_JH724081.1	360493	361227	0	0
BOOTSTRAP3	NZ_JH724081.1	361828	362372	1989	503
BOOTSTRAP3	NZ_JH724081.1	409540	410274	4	2
BOOTSTRAP3	NZ_JH724081.1	485886	486620	0	0
BOOTSTRAP3	NZ_JH724081.1	504763	505497	0	0
BOOTSTRAP3	NZ_JH724081.1	508475	509019	57	28
BOOTSTRAP3	NZ_JH724082.1	6999	7543	15	8
BOOTSTRAP3	NZ_JH724082.1	9923	10467	2	1
BOOTSTRAP3	NZ_JH724082.1	15792	16526	0	0
BOOTSTRAP3	NZ_JH724082.1	197654	198198	1	1
BOOTSTRAP3	NZ_JH724082.1	211583	212317	0	0
BOOTSTRAP4	NZ_JH724079.1	67578	68312	2	2
BOOTSTRAP4	NZ_JH724079.1	274534	275268	0	0
BOOTSTRAP4	NZ_JH724079.1	524767	525501	3	2
BOOTSTRAP4	NZ_JH724079.1	552265	552999	158	57
BOOTSTRAP4	NZ_JH724079.1	598995	599729	0	0
BOOTSTRAP4	NZ_JH724079.1	647503	648237	9	9
BOOTSTRAP4	NZ_JH724079.1	657177	657911	2011	1543
BOOTSTRAP4	NZ_JH724079.1	787220	787954	1	1
BOOTSTRAP4	NZ_JH724079.1	794357	795091	323	110
BOOTSTRAP4	NZ_JH724079.1	824145	824879	50	24
BOOTSTRAP4	NZ_JH724079.1	868394	869128	373	98
BOOTSTRAP4	NZ_JH724079.1	914721	915455	13	13
BOOTSTRAP4	NZ_JH724079.1	1069096	1069830	188	59
BOOTSTRAP4	NZ_JH724079.1	1144079	1144813	0	0
BOOTSTRAP4	NZ_JH724079.1	1280280	1281014	938	938
BOOTSTRAP4	NZ_JH724079.1	1432260	1432994	0	0
BOOTSTRAP4	NZ_JH724079.1	1519955	1520689	0	0
BOOTSTRAP4	NZ_JH724079.1	1591290	1591834	323	86
BOOTSTRAP4	NZ_JH724079.1	1654364	1655098	0	0
BOOTSTRAP4	NZ_JH724079.1	1706122	1706856	1	1
BOOTSTRAP4	NZ_JH724079.1	1760420	1761531	1945	489
BOOTSTRAP4	NZ_JH724079.1	1774169	1774903	0	0
BOOTSTRAP4	NZ_JH724079.1	1900536	1901270	0	0
BOOTSTRAP4	NZ_JH724079.1	1953115	1953849	0	0
BOOTSTRAP4	NZ_JH724079.1	2193257	2193991	0	0
BOOTSTRAP4	NZ_JH724079.1	2201194	2201928	0	0
BOOTSTRAP4	NZ_JH724079.1	2426945	2427679	48	16
BOOTSTRAP4	NZ_JH724079.1	2450764	2451498	0	0
BOOTSTRAP4	NZ_JH724079.1	2522236	2522970	2	2
BOOTSTRAP4	NZ_JH724079.1	2612400	2613134	0	0
BOOTSTRAP4	NZ_JH724079.1	2671944	2672678	0	0
BOOTSTRAP4	NZ_JH724079.1	2672739	2673283	28	14
BOOTSTRAP4	NZ_JH724079.1	2777994	2778819	96	63
BOOTSTRAP4	NZ_JH724079.1	2800643	2802111	1942	529
BOOTSTRAP4	NZ_JH724079.1	2810204	2810748	13	6
BOOTSTRAP4	NZ_JH724079.1	2814259	2814993	0	0
BOOTSTRAP4	NZ_JH724079.1	2845458	2846192	0	0
BOOTSTRAP4	NZ_JH724079.1	2914172	2914906	0	0
BOOTSTRAP4	NZ_JH724079.1	2965860	2966594	0	0
BOOTSTRAP4	NZ_JH724079.1	3009281	3009825	2742	733
BOOTSTRAP4	NZ_JH724079.1	3189492	3190226	0	0
BOOTSTRAP4	NZ_JH724079.1	3192465	3193199	0	0
BOOTSTRAP4	NZ_JH724079.1	3229626	3230170	632	237
BOOTSTRAP4	NZ_JH724079.1	3243529	3244263	205	74
BOOTSTRAP4	NZ_JH724079.1	3264057	3264791	2	2
BOOTSTRAP4	NZ_JH724079.1	3370840	3371894	309	87
BOOTSTRAP4	NZ_JH724079.1	3423299	3424033	42	17
BOOTSTRAP4	NZ_JH724079.1	3585192	3585926	0	0
BOOTSTRAP4	NZ_JH724079.1	3624887	3625621	0	0
BOOTSTRAP4	NZ_JH724079.1	3689041	3689775	2	1
BOOTSTRAP4	NZ_JH724079.1	3690787	3691331	118	42
BOOTSTRAP4	NZ_JH724079.1	3763406	3764140	0	0
BOOTSTRAP4	NZ_JH724079.1	3813584	3814318	4	4
BOOTSTRAP4	NZ_JH724079.1	3982480	3983214	0	0
BOOTSTRAP4	NZ_JH724079.1	4000331	4000875	24	9
BOOTSTRAP4	NZ_JH724080.1	96489	97542	203	68
BOOTSTRAP4	NZ_JH724080.1	133931	134665	0	0
BOOTSTRAP4	NZ_JH724080.1	196609	197153	119	38
BOOTSTRAP4	NZ_JH724080.1	198643	199377	14	10
BOOTSTRAP4	NZ_JH724080.1	218104	218838	3	3
BOOTSTRAP4	NZ_JH724080.1	247177	247911	0	0
BOOTSTRAP4	NZ_JH724080.1	259942	260486	10	6
BOOTSTRAP4	NZ_JH724080.1	290857	291591	0	0
BOOTSTRAP4	NZ_JH724080.1	334280	335014	311	92
BOOTSTRAP4	NZ_JH724080.1	410206	410940	1543	431
BOOTSTRAP4	NZ_JH724080.1	424217	424761	30	12
BOOTSTRAP4	NZ_JH724080.1	465144	465878	0	0
BOOTSTRAP4	NZ_JH724080.1	576042	576776	0	0
BOOTSTRAP4	NZ_JH724080.1	583726	584270	6	4
BOOTSTRAP4	NZ_JH724081.1	65913	66647	0	0
BOOTSTRAP4	NZ_JH724081.1	128351	129085	0	0
BOOTSTRAP4	NZ_JH724081.1	161231	161965	0	0
BOOTSTRAP4	NZ_JH724081.1	196336	196880	23	11
BOOTSTRAP4	NZ_JH724081.1	308654	309388	969	302
BOOTSTRAP4	NZ_JH724081.1	333049	333783	0	0
BOOTSTRAP4	NZ_JH724081.1	346334	347068	0	0
BOOTSTRAP4	NZ_JH724081.1	360493	361227	0	0
BOOTSTRAP4	NZ_JH724081.1	361828	362372	1977	472
BOOTSTRAP4	NZ_JH724081.1	409540	410274	8	5
BOOTSTRAP4	NZ_JH724081.1	485886	486620	0	0
BOOTSTRAP4	NZ_JH724081.1	504763	505497	1	1
BOOTSTRAP4	NZ_JH724081.1	508475	509019	62	24
BOOTSTRAP4	NZ_JH724082.1	6999	7543	14	5
BOOTSTRAP4	NZ_JH724082.1	9923	10467	9	6
BOOTSTRAP4	NZ_JH724082.1	15792	16526	1	1
BOOTSTRAP4	NZ_JH724082.1	197654	198198	7	5
BOOTSTRAP4	NZ_JH724082.1	211583	212317	0	0
BOOTSTRAP5	NZ_JH724079.1	67578	68312	1	1
BOOTSTRAP5	NZ_JH724079.1	274534	275268	0	0
BOOTSTRAP5	NZ_JH724079.1	524767	525501	5	4
BOOTSTRAP5	NZ_JH724079.1	552265	552999	171	59
BOOTSTRAP5	NZ_JH724079.1	598995	599729	0	0
BOOTSTRAP5	NZ_JH724079.1	647503	648237	8	8
BOOTSTRAP5	NZ_JH724079.1	657177	657911	1948	1475
BOOTSTRAP5	NZ_JH724079.1	787220	787954	3	3
BOOTSTRAP5	NZ_JH724079.1	794357	795091	316	116
BOOTSTRAP5	NZ_JH724079.1	824145	824879	60	28
BOOTSTRAP5	NZ_JH724079.1	868394	869128	361	96
BOOTSTRAP5	NZ_JH724079.1	914721	915455	23	23
BOOTSTRAP5	NZ_JH724079.1	1069096	1069830	194	55
BOOTSTRAP5	NZ_JH724079.1	1144079	1144813	0	0
BOOTSTRAP5	NZ_JH724079.1	1280280	1281014	990	990
BOOTSTRAP5	NZ_JH724079.1	1432260	1432994	0	0
BOOTSTRAP5	NZ_JH724079.1	1519955	1520689	0	0
BOOTSTRAP5	NZ_JH724079.1	1591290	1591834	328	86
BOOTSTRAP5	NZ_JH724079.1	1654364	1655098	0	0
BOOTSTRAP5	NZ_JH724079.1	1706122	1706856	3	3
BOOTSTRAP5	NZ_JH724079.1	1760420	1761531	1956	456
BOOTSTRAP5	NZ_JH724079.1	1774169	1774903	0	0
BOOTSTRAP5	NZ_JH724079.1	1900536	1901270	0	0
BOOTSTRAP5	NZ_JH724079.1	1953115	1953849	0	0
BOOTSTRAP5	NZ_JH724079.1	2193257	2193991	0	0
BOOTSTRAP5	NZ_JH724079.1	2201194	2201928	0	0
BOOTSTRAP5	NZ_JH724079.1	2426945	2427679	45	13
BOOTSTRAP5	NZ_JH724079.1	2450764	2451498	0	0
BOOTSTRAP5	NZ_JH724079.1	2522236	2522970	0	0
BOOTSTRAP5	NZ_JH724079.1	2612400	2613134	0	0
BOOTSTRAP5	NZ_JH724079.1	2671944	2672678	0	0
BOOTSTRAP5	NZ_JH724079.1	2672739	2673283	36	14
BOOTSTRAP5	NZ_JH724079.1	2777994	2778819	89	60
BOOTSTRAP5	NZ_JH724079.1	2800643	2802111	1860	477
BOOTSTRAP5	NZ_JH724079.1	2810204	2810748	16	6
BOOTSTRAP5	NZ_JH724079.1	2814259	2814993	0	0
BOOTSTRAP5	NZ_JH724079.1	2845458	2846192	1	1
BOOTSTRAP5	NZ_JH724079.1	2914172	2914906	0	0
BOOTSTRAP5	NZ_JH724079.1	2965860	2966594	0	0
BOOTSTRAP5	NZ_JH724079.1	3009281	3009825	2679	707
BOOTSTRAP5	NZ_JH724079.1	3189492	3190226	0	0
BOOTSTRAP5	NZ_JH724079.1	3192465	3193199	0	0
BOOTSTRAP5	NZ_JH724079.1	3229626	3230170	686	273
BOOTSTRAP5	NZ_JH724079.1	3243529	3244263	184	72
BOOTSTRAP5	NZ_JH724079.1	3264057	3264791	1	1
BOOTSTRAP5	NZ_JH724079.1	3370840	3371894	338	96
BOOTSTRAP5	NZ_JH724079.1	3423299	3424033	41	16
BOOTSTRAP5	NZ_JH724079.1	3585192	3585926	0	0
BOOTSTRAP5	NZ_JH724079.1	3624887	3625621	0	0
BOOTSTRAP5	NZ_JH724079.1	3689041	3689775	2	1
BOOTSTRAP5	NZ_JH724079.1	3690787	3691331	113	36
BOOTSTRAP5	NZ_JH724079.1	3763406	3764140	0	0
BOOTSTRAP5	NZ_JH724079.1	3813584	3814318	4	4
BOOTSTRAP5	NZ_JH724079.1	3982480	3983214	0	0
BOOTSTRAP5	NZ_JH724079.1	4000331	4000875	39	13
BOOTSTRAP5	NZ_JH724080.1	96489	97542	219	72
BOOTSTRAP5	NZ_JH724080.1	133931	134665	0	0
BOOTSTRAP5	NZ_JH724080.1	196609	197153	101	31
BOOTSTRAP5	NZ_JH724080.1	198643	199377	18	11
BOOTSTRAP5	NZ_JH724080.1	218104	218838	3	3
BOOTSTRAP5	NZ_JH724080.1	247177	247911	0	0
BOOTSTRAP5	NZ_JH724080.1	259942	260486	16	14
BOOTSTRAP5	NZ_JH724080.1	290857	291591	0	0
BOOTSTRAP5	NZ_JH724080.1	334280	335014	298	82
BOOTSTRAP5	NZ_JH724080.1	410206	410940	1539	481
BOOTSTRAP5	NZ_JH724080.1	424217	424761	28	9
BOOTSTRAP5	NZ_JH724080.1	465144	465878	0	0
BOOTSTRAP5	NZ_JH724080.1	576042	576776	0	0
BOOTSTRAP5	NZ_JH724080.1	583726	584270	11	9
BOOTSTRAP5	NZ_JH724081.1	65913	66647	0	0
BOOTSTRAP5	NZ_JH724081.1	128351	129085	0	0
BOOTSTRAP5	NZ_JH724081.1	161231	161965	0	0
BOOTSTRAP5	NZ_JH724081.1	196336	196880	22	12
BOOTSTRAP5	NZ_JH724081.1	308654	309388	983	310
BOOTSTRAP5	NZ_JH724081.1	333049	333783	0	0
BOOTSTRAP5	NZ_JH724081.1	346334	347068	0	0
BOOTSTRAP5	NZ_JH724081.1	360493	361227	1	1
BOOTSTRAP5	NZ_JH724081.1	361828	362372	1990	497
BOOTSTRAP5	NZ_JH724081.1	409540	410274	4	3
BOOTSTRAP5	NZ_JH724081.1	485886	486620	0	0
BOOTSTRAP5	NZ_JH724081.1	504763	505497	2	2
BOOTSTRAP5	NZ_JH724081.1	508475	509019	49	17
BOOTSTRAP5	NZ_JH724082.1	6999	7543	19	10
BOOTSTRAP5	NZ_JH724082.1	9923	10467	3	2
BOOTSTRAP5	NZ_JH724082.1	15792	16526	2	2
BOOTSTRAP5	NZ_JH724082.1	197654	198198	3	1
BOOTSTRAP5	NZ_JH724082.1	211583	212317	0	0
BOOTSTRAP6	NZ_JH724079.1	67578	68312	3	3
BOOTSTRAP6	NZ_JH724079.1	274534	275268	0	0
BOOTSTRAP6	NZ_JH724079.1	524767	525501	0	0
BOOTSTRAP6	NZ_JH724079.1	552265	552999	186	70
BOOTSTRAP6	NZ_JH724079.1	598995	599729	0	0
BOOTSTRAP6	NZ_JH724079.1	647503	648237	5	5
BOOTSTRAP6	NZ_JH724079.1	657177	657911	1952	1487
BOOTSTRAP6	NZ_JH724079.1	787220	787954	0	0
BOOTSTRAP6	NZ_JH724079.1	794357	795091	335	114
BOOTSTRAP6	NZ_JH724079.1	824145	824879	61	32
BOOTSTRAP6	NZ_JH724079.1	868394	869128	371	95
BOOTSTRAP6	NZ_JH724079.1	914721	915455	23	23
BOOTSTRAP6	NZ_JH724079.1	1069096	1069830	191	55
BOOTSTRAP6	NZ_JH724079.1	1144079	1144813	0	0
BOOTSTRAP6	NZ_JH724079.1	1280280	1281014	896	894
BOOTSTRAP6	NZ_JH724079.1	1432260	1432994	0	0
BOOTSTRAP6	NZ_JH724079.1	1519955	1520689	0	0
BOOTSTRAP6	NZ_JH724079.1	1591290	1591834	324	102
BOOTSTRAP6	NZ_JH724079.1	1654364	1655098	0	0
BOOTSTRAP6	NZ_JH724079.1	1706122	1706856	1	1
BOOTSTRAP6	NZ_JH724079.1	1760420	1761531	1998	490
BOOTSTRAP6	NZ_JH724079.1	1774169	1774903	0	0
BOOTSTRAP6	NZ_JH724079.1	1900536	1901270	0	0
BOOTSTRAP6	NZ_JH724079.1	1953115	1953849	0	0
BOOTSTRAP6	NZ_JH724079.1	2193257	2193991	0	0
BOOTSTRAP6	NZ_JH724079.1	2201194	2201928	0	0
BOOTSTRAP6	NZ_JH724079.1	2426945	2427679	44	12
BOOTSTRAP6	NZ_JH724079.1	2450764	2451498	0	0
BOOTSTRAP6	NZ_JH724079.1	2522236	2522970	2	2
BOOTSTRAP6	NZ_JH724079.1	2612400	2613134	0	0
BOOTSTRAP6	NZ_JH724079.1	2671944	2672678	0	0
BOOTSTRAP6	NZ_JH724079.1	2672739	2673283	38	20
BOOTSTRAP6	NZ_JH724079.1	2777994	2778819	89	57
BOOTSTRAP6	NZ_JH724079.1	2800643	2802111	1942	545
BOOTSTRAP6	NZ_JH724079.1	2810204	2810748	12	6
BOOTSTRAP6	NZ_JH724079.1	2814259	2814993	0	0
BOOTSTRAP6	NZ_JH724079.1	2845458	2846192	0	0
BOOTSTRAP6	NZ_JH724079.1	2914172	2914906	0	0
BOOTSTRAP6	NZ_JH724079.1	2965860	2966594	0	0
BOOTSTRAP6	NZ_JH724079.1	3009281	3009825	2746	701
BOOTSTRAP6	NZ_JH724079.1	3189492	3190226	0	0
BOOTSTRAP6	NZ_JH724079.1	3192465	3193199	0	0
BOOTSTRAP6	NZ_JH724079.1	3229626	3230170	641	266
BOOTSTRAP6	NZ_JH724079.1	3243529	3244263	204	77
BOOTSTRAP6	NZ_JH724079.1	3264057	3264791	2	2
BOOTSTRAP6	NZ_JH724079.1	3370840	3371894	332	99
BOOTSTRAP6	NZ_JH724079.1	3423299	3424033	28	13
BOOTSTRAP6	NZ_JH724079.1	3585192	3585926	0	0
BOOTSTRAP6	NZ_JH724079.1	3624887	3625621	0	0
BOOTSTRAP6	NZ_JH724079.1	3689041	3689775	1	1
BOOTSTRAP6	NZ_JH724079.1	3690787	3691331	125	48
BOOTSTRAP6	NZ_JH724079.1	3763406	3764140	0	0
BOOTSTRAP6	NZ_JH724079.1	3813584	3814318	2	2
BOOTSTRAP6	NZ_JH724079.1	3982480	3983214	0	0
BOOTSTRAP6	NZ_JH724079.1	4000331	4000875	31	11
BOOTSTRAP6	NZ_JH724080.1	96489	97542	237	81
BOOTSTRAP6	NZ_JH724080.1	133931	134665	0	0
BOOTSTRAP6	NZ_JH724080.1	196609	197153	80	28
BOOTSTRAP6	NZ_JH724080.1	198643	199377	16	9
BOOTSTRAP6	NZ_JH724080.1	218104	218838	0	0
BOOTSTRAP6	NZ_JH724080.1	247177	247911	0	0
BOOTSTRAP6	NZ_JH724080.1	259942	260486	18	16
BOOTSTRAP6	NZ_JH724080.1	290857	291591	0	0
BOOTSTRAP6	NZ_JH724080.1	334280	335014	319	88
BOOTSTRAP6	NZ_JH724080.1	410206	410940	1581	496
BOOTSTRAP6	NZ_JH724080.1	424217	424761	31	14
BOOTSTRAP6	NZ_JH724080.1	465144	465878	0	0
BOOTSTRAP6	NZ_JH724080.1	576042	576776	0	0
BOOTSTRAP6	NZ_JH724080.1	583726	584270	14	7
BOOTSTRAP6	NZ_JH724081.1	65913	66647	0	0
BOOTSTRAP6	NZ_JH724081.1	128351	129085	0	0
BOOTSTRAP6	NZ_JH724081.1	161231	161965	0	0
BOOTSTRAP6	NZ_JH724081.1	196336	196880	25	14
BOOTSTRAP6	NZ_JH724081.1	308654	309388	1029	329
BOOTSTRAP6	NZ_JH724081.1	333049	333783	0	0
BOOTSTRAP6	NZ_JH724081.1	346334	347068	0	0
BOOTSTRAP6	NZ_JH724081.1	360493	361227	3	3
BOOTSTRAP6	NZ_JH724081.1	361828	362372	1980	497
BOOTSTRAP6	NZ_JH724081.1	409540	410274	5	3
BOOTSTRAP6	NZ_JH724081.1	485886	486620	0	0
BOOTSTRAP6	NZ_JH724081.1	504763	505497	1	1
BOOTSTRAP6	NZ_JH724081.1	508475	509019	48	27
BOOTSTRAP6	NZ_JH724082.1	6999	7543	19	8
BOOTSTRAP6	NZ_JH724082.1	9923	10467	6	3
BOOTSTRAP6	NZ_JH724082.1	15792	16526	1	1
BOOTSTRAP6	NZ_JH724082.1	197654	198198	4	3
BOOTSTRAP6	NZ_JH724082.1	211583	212317	0	0
BOOTSTRAP7	NZ_JH724079.1	67578	68312	1	1
BOOTSTRAP7	NZ_JH724079.1	274534	275268	0	0
BOOTSTRAP7	NZ_JH724079.1	524767	525501	2	1
BOOTSTRAP7	NZ_JH724079.1	552265	552999	180	74
BOOTSTRAP7	NZ_JH724079.1	598995	599729	0	0
BOOTSTRAP7	NZ_JH724079.1	647503	648237	16	16
BOOTSTRAP7	NZ_JH724079.1	657177	657911	1942	1502
BOOTSTRAP7	NZ_JH724079.1	787220	787954	2	2
BOOTSTRAP7	NZ_JH724079.1	794357	795091	331	99
BOOTSTRAP7	NZ_JH724079.1	824145	824879	47	17
BOOTSTRAP7	NZ_JH724079.1	868394	869128	346	86
BOOTSTRAP7	NZ_JH724079.1	914721	915455	14	14
BOOTSTRAP7	NZ_JH724079.1	1069096	1069830	182	46
BOOTSTRAP7	NZ_JH724079.1	1144079	1144813	0	0
BOOTSTRAP7	NZ_JH724079.1	1280280	1281014	1005	1003
BOOTSTRAP7	NZ_JH724079.1	1432260	1432994	0	0
BOOTSTRAP7	NZ_JH724079.1	1519955	1520689	0	0
BOOTSTRAP7	NZ_JH724079.1	1591290	1591834	326	94
BOOTSTRAP7	NZ_JH724079.1	1654364	1655098	0	0
BOOTSTRAP7	NZ_JH724079.1	1706122	1706856	0	0
BOOTSTRAP7	NZ_JH724079.1	1760420	1761531	1903	491
BOOTSTRAP7	NZ_JH724079.1	1774169	1774903	0	0
BOOTSTRAP7	NZ_JH724079.1	1900536	1901270	0	0
BOOTSTRAP7	NZ_JH724079.1	1953115	1953849	0	0
BOOTSTRAP7	NZ_JH724079.1	2193257	2193991	0	0
BOOTSTRAP7	NZ_JH724079.1	2201194	2201928	0	0
BOOTSTRAP7	NZ_JH724079.1	2426945	2427679	43	16
BOOTSTRAP7	NZ_JH724079.1	2450764	2451498	0	0
BOOTSTRAP7	NZ_JH724079.1	2522236	2522970	1	1
BOOTSTRAP7	NZ_JH724079.1	2612400	2613134	0	0
BOOTSTRAP7	NZ_JH724079.1	2671944	2672678	0	0
BOOTSTRAP7	NZ_JH724079.1	2672739	2673283	45	20
BOOTSTRAP7	NZ_JH724079.1	2777994	2778819	88	58
BOOTSTRAP7	NZ_JH724079.1	2800643	2802111	1913	504
BOOTSTRAP7	NZ_JH724079.1	2810204	2810748	13	6
BOOTSTRAP7	NZ_JH724079.1	2814259	2814993	0	0
BOOTSTRAP7	NZ_JH724079.1	2845458	2846192	2	2
BOOTSTRAP7	NZ_JH724079.1	2914172	2914906	0	0
BOOTSTRAP7	NZ_JH724079.1	2965860	2966594	0	0
BOOTSTRAP7	NZ_JH724079.1	3009281	3009825	2764	764
BOOTSTRAP7	NZ_JH724079.1	3189492	3190226	0	0
BOOTSTRAP7	NZ_JH724079.1	3192465	3193199	0	0
BOOTSTRAP7	NZ_JH724079.1	3229626	3230170	649	247
BOOTSTRAP7	NZ_JH724079.1	3243529	3244263	202	72
BOOTSTRAP7	NZ_JH724079.1	3264057	3264791	4	4
BOOTSTRAP7	NZ_JH724079.1	3370840	3371894	328	89
BOOTSTRAP7	NZ_JH724079.1	3423299	3424033	33	13
BOOTSTRAP7	NZ_JH724079.1	3585192	3585926	0	0
BOOTSTRAP7	NZ_JH724079.1	3624887	3625621	0	0
BOOTSTRAP7	NZ_JH724079.1	3689041	3689775	2	1
BOOTSTRAP7	NZ_JH724079.1	3690787	3691331	105	39
BOOTSTRAP7	NZ_JH724079.1	3763406	3764140	0	0
BOOTSTRAP7	NZ_JH724079.1	3813584	3814318	6	6
BOOTSTRAP7	NZ_JH724079.1	3982480	3983214	0	0
BOOTSTRAP7	NZ_JH724079.1	4000331	4000875	32	12
BOOTSTRAP7	NZ_JH724080.1	96489	97542	230	71
BOOTSTRAP7	NZ_JH724080.1	133931	134665	0	0
BOOTSTRAP7	NZ_JH724080.1	196609	197153	86	30
BOOTSTRAP7	NZ_JH724080.1	198643	199377	30	17
BOOTSTRAP7	NZ_JH724080.1	218104	218838	1	1
BOOTSTRAP7	NZ_JH724080.1	247177	247911	0	0
BOOTSTRAP7	NZ_JH724080.1	259942	260486	16	15
BOOTSTRAP7	NZ_JH724080.1	290857	291591	0	0
BOOTSTRAP7	NZ_JH724080.1	334280	335014	291	78
BOOTSTRAP7	NZ_JH724080.1	410206	410940	1598	448
BOOTSTRAP7	NZ_JH724080.1	424217	424761	28	10
BOOTSTRAP7	NZ_JH724080.1	465144	465878	0	0
BOOTSTRAP7	NZ_JH724080.1	576042	576776	0	0
BOOTSTRAP7	NZ_JH724080.1	583726	584270	18	10
BOOTSTRAP7	NZ_JH724081.1	65913	66647	0	0
BOOTSTRAP7	NZ_JH724081.1	128351	129085	0	0
BOOTSTRAP7	NZ_JH724081.1	161231	161965	0	0
BOOTSTRAP7	NZ_JH724081.1	196336	196880	27	14
BOOTSTRAP7	NZ_JH724081.1	308654	309388	937	321
BOOTSTRAP7	NZ_JH724081.1	333049	333783	0	0
BOOTSTRAP7	NZ_JH724081.1	346334	347068	0	0
BOOTSTRAP7	NZ_JH724081.1	360493	361227	2	2
BOOTSTRAP7	NZ_JH724081.1	361828	362372	2025	478
BOOTSTRAP7	NZ_JH724081.1	409540	410274	4	2
BOOTSTRAP7	NZ_JH724081.1	485886	486620	0	0
BOOTSTRAP7	NZ_JH724081.1	504763	505497	0	0
BOOTSTRAP7	NZ_JH724081.1	508475	509019	52	22
BOOTSTRAP7	NZ_JH724082.1	6999	7543	15	7
BOOTSTRAP7	NZ_JH724082.1	9923	10467	3	2
BOOTSTRAP7	NZ_JH724082.1	15792	16526	1	1
BOOTSTRAP7	NZ_JH724082.1	197654	198198	3	2
BOOTSTRAP7	NZ_JH724082.1	211583	212317	0	0
BOOTSTRAP8	NZ_JH724079.1	67578	68312	1	1
BOOTSTRAP8	NZ_JH724079.1	274534	275268	0	0
BOOTSTRAP8	NZ_JH724079.1	524767	525501	3	2
BOOTSTRAP8	NZ_JH724079.1	552265	552999	171	62
BOOTSTRAP8	NZ_JH724079.1	598995	599729	0	0
BOOTSTRAP8	NZ_JH724079.1	647503	648237	10	10
BOOTSTRAP8	NZ_JH724079.1	657177	657911	1969	1497
BOOTSTRAP8	NZ_JH724079.1	787220	787954	1	1
BOOTSTRAP8	NZ_JH724079.1	794357	795091	309	109
BOOTSTRAP8	NZ_JH724079.1	824145	824879	39	16
BOOTSTRAP8	NZ_JH724079.1	868394	869128	341	100
BOOTSTRAP8	NZ_JH724079.1	914721	915455	19	19
BOOTSTRAP8	NZ_JH724079.1	1069096	1069830	205	54
BOOTSTRAP8	NZ_JH724079.1	1144079	1144813	0	0
BOOTSTRAP8	NZ_JH724079.1	1280280	1281014	871	871
BOOTSTRAP8	NZ_JH724079.1	1432260	1432994	0	0
BOOTSTRAP8	NZ_JH724079.1	1519955	1520689	0	0
BOOTSTRAP8	NZ_JH724079.1	1591290	1591834	290	75
BOOTSTRAP8	NZ_JH724079.1	1654364	1655098	0	0
BOOTSTRAP8	NZ_JH724079.1	1706122	1706856	1	1
BOOTSTRAP8	NZ_JH724079.1	1760420	1761531	2025	476
BOOTSTRAP8	NZ_JH724079.1	1774169	1774903	0	0
BOOTSTRAP8	NZ_JH724079.1	1900536	1901270	0	0
BOOTSTRAP8	NZ_JH724079.1	1953115	1953849	0	0
BOOTSTRAP8	NZ_JH724079.1	2193257	2193991	0	0
BOOTSTRAP8	NZ_JH724079.1	2201194	2201928	0	0
BOOTSTRAP8	NZ_JH724079.1	2426945	2427679	51	18
BOOTSTRAP8	NZ_JH724079.1	2450764	2451498	0	0
BOOTSTRAP8	NZ_JH724079.1	2522236	2522970	0	0
BOOTSTRAP8	NZ_JH724079.1	2612400	2613134	0	0
BOOTSTRAP8	NZ_JH724079.1	2671944	2672678	0	0
BOOTSTRAP8	NZ_JH724079.1	2672739	2673283	36	17
BOOTSTRAP8	NZ_JH724079.1	2777994	2778819	113	74
BOOTSTRAP8	NZ_JH724079.1	2800643	2802111	1905	525
BOOTSTRAP8	NZ_JH724079.1	2810204	2810748	11	4
BOOTSTRAP8	NZ_JH724079.1	2814259	2814993	0	0
BOOTSTRAP8	NZ_JH724079.1	2845458	2846192	0	0
BOOTSTRAP8	NZ_JH724079.1	2914172	2914906	0	0
BOOTSTRAP8	NZ_JH724079.1	2965860	2966594	0	0
BOOTSTRAP8	NZ_JH724079.1	3009281	3009825	2655	669
BOOTSTRAP8	NZ_JH724079.1	3189492	3190226	0	0
BOOTSTRAP8	NZ_JH724079.1	3192465	3193199	0	0
BOOTSTRAP8	NZ_JH724079.1	3229626	3230170	616	238
BOOTSTRAP8	NZ_JH724079.1	3243529	3244263	191	67
BOOTSTRAP8	NZ_JH724079.1	3264057	3264791	0	0
BOOTSTRAP8	NZ_JH724079.1	3370840	3371894	369	101
BOOTSTRAP8	NZ_JH724079.1	3423299	3424033	46	19
BOOTSTRAP8	NZ_JH724079.1	3585192	3585926	0	0
BOOTSTRAP8	NZ_JH724079.1	3624887	3625621	0	0
BOOTSTRAP8	NZ_JH724079.1	3689041	3689775	6	5
BOOTSTRAP8	NZ_JH724079.1	3690787	3691331	108	39
BOOTSTRAP8	NZ_JH724079.1	3763406	3764140	0	0
BOOTSTRAP8	NZ_JH724079.1	3813584	3814318	8	8
BOOTSTRAP8	NZ_JH724079.1	3982480	3983214	0	0
BOOTSTRAP8	NZ_JH724079.1	4000331	4000875	29	14
BOOTSTRAP8	NZ_JH724080.1	96489	97542	229	80
BOOTSTRAP8	NZ_JH724080.1	133931	134665	0	0
BOOTSTRAP8	NZ_JH724080.1	196609	197153	101	33
BOOTSTRAP8	NZ_JH724080.1	198643	199377	13	9
BOOTSTRAP8	NZ_JH724080.1	218104	218838	1	1
BOOTSTRAP8	NZ_JH724080.1	247177	247911	0	0
BOOTSTRAP8	NZ_JH724080.1	259942	260486	18	16
BOOTSTRAP8	NZ_JH724080.1	290857	291591	0	0
BOOTSTRAP8	NZ_JH724080.1	334280	335014	318	98
BOOTSTRAP8	NZ_JH724080.1	410206	410940	1621	503
BOOTSTRAP8	NZ_JH724080.1	424217	424761	28	11
BOOTSTRAP8	NZ_JH724080.1	465144	465878	0	0
BOOTSTRAP8	NZ_JH724080.1	576042	576776	0	0
BOOTSTRAP8	NZ_JH724080.1	583726	584270	8	5
BOOTSTRAP8	NZ_JH724081.1	65913	66647	0	0
BOOTSTRAP8	NZ_JH724081.1	128351	129085	0	0
BOOTSTRAP8	NZ_JH724081.1	161231	161965	0	0
BOOTSTRAP8	NZ_JH724081.1	196336	196880	28	14
BOOTSTRAP8	NZ_JH724081.1	308654	309388	972	337
BOOTSTRAP8	NZ_JH724081.1	333049	333783	2	2
BOOTSTRAP8	NZ_JH724081.1	346334	347068	0	0
BOOTSTRAP8	NZ_JH724081.1	360493	361227	5	5
BOOTSTRAP8	NZ_JH724081.1	361828	362372	1980	490
BOOTSTRAP8	NZ_JH724081.1	409540	410274	5	3
BOOTSTRAP8	NZ_JH724081.1	485886	486620	0	0
BOOTSTRAP8	NZ_JH724081.1	504763	505497	3	3
BOOTSTRAP8	NZ_JH724081.1	508475	509019	64	26
BOOTSTRAP8	NZ_JH724082.1	6999	7543	18	8
BOOTSTRAP8	NZ_JH724082.1	9923	10467	4	3
BOOTSTRAP8	NZ_JH724082.1	15792	16526	1	1
BOOTSTRAP8	NZ_JH724082.1	197654	198198	2	2
BOOTSTRAP8	NZ_JH724082.1	211583	212317	0	0
BOOTSTRAP9	NZ_JH724079.1	67578	68312	0	0
BOOTSTRAP9	NZ_JH724079.1	274534	275268	0	0
BOOTSTRAP9	NZ_JH724079.1	524767	525501	3	2
BOOTSTRAP9	NZ_JH724079.1	552265	552999	181	80
BOOTSTRAP9	NZ_JH724079.1	598995	599729	0	0
BOOTSTRAP9	NZ_JH724079.1	647503	648237	9	9
BOOTSTRAP9	NZ_JH724079.1	657177	657911	1946	1474
BOOTSTRAP9	NZ_JH724079.1	787220	787954	0	0
BOOTSTRAP9	NZ_JH724079.1	794357	795091	332	101
BOOTSTRAP9	NZ_JH724079.1	824145	824879	66	30
BOOTSTRAP9	NZ_JH724079.1	868394	869128	409	98
BOOTSTRAP9	NZ_JH724079.1	914721	915455	18	18
BOOTSTRAP9	NZ_JH724079.1	1069096	1069830	193	55
BOOTSTRAP9	NZ_JH724079.1	1144079	1144813	0	0
BOOTSTRAP9	NZ_JH724079.1	1280280	1281014	879	876
BOOTSTRAP9	NZ_JH724079.1	1432260	1432994	0	0
BOOTSTRAP9	NZ_JH724079.1	1519955	1520689	0	0
BOOTSTRAP9	NZ_JH724079.1	1591290	1591834	302	79
BOOTSTRAP9	NZ_JH724079.1	1654364	1655098	0	0
BOOTSTRAP9	NZ_JH724079.1	1706122	1706856	1	1
BOOTSTRAP9	NZ_JH724079.1	1760420	1761531	1867	476
BOOTSTRAP9	NZ_JH724079.1	1774169	1774903	0	0
BOOTSTRAP9	NZ_JH724079.1	1900536	1901270	0	0
BOOTSTRAP9	NZ_JH724079.1	1953115	1953849	0	0
BOOTSTRAP9	NZ_JH724079.1	2193257	2193991	0	0
BOOTSTRAP9	NZ_JH724079.1	2201194	2201928	0	0
BOOTSTRAP9	NZ_JH724079.1	2426945	2427679	32	12
BOOTSTRAP9	NZ_JH724079.1	2450764	2451498	0	0
BOOTSTRAP9	NZ_JH724079.1	2522236	2522970	1	1
BOOTSTRAP9	NZ_JH724079.1	2612400	2613134	0	0
BOOTSTRAP9	NZ_JH724079.1	2671944	2672678	0	0
BOOTSTRAP9	NZ_JH724079.1	2672739	2673283	39	19
BOOTSTRAP9	NZ_JH724079.1	2777994	2778819	96	61
BOOTSTRAP9	NZ_JH724079.1	2800643	2802111	1988	526
BOOTSTRAP9	NZ_JH724079.1	2810204	2810748	16	9
BOOTSTRAP9	NZ_JH724079.1	2814259	2814993	0	0
BOOTSTRAP9	NZ_JH724079.1	2845458	2846192	1	1
BOOTSTRAP9	NZ_JH724079.1	2914172	2914906	0	0
BOOTSTRAP9	NZ_JH724079.1	2965860	2966594	0	0
BOOTSTRAP9	NZ_JH724079.1	3009281	3009825	2689	683
BOOTSTRAP9	NZ_JH724079.1	3189492	3190226	0	0
BOOTSTRAP9	NZ_JH724079.1	3192465	3193199	0	0
BOOTSTRAP9	NZ_JH724079.1	3229626	3230170	627	253
BOOTSTRAP9	NZ_JH724079.1	3243529	3244263	221	80
BOOTSTRAP9	NZ_JH724079.1	3264057	3264791	2	2
BOOTSTRAP9	NZ_JH724079.1	3370840	3371894	325	93
BOOTSTRAP9	NZ_JH724079.1	3423299	3424033	37	15
BOOTSTRAP9	NZ_JH724079.1	3585192	3585926	0	0
BOOTSTRAP9	NZ_JH724079.1	3624887	3625621	0	0
BOOTSTRAP9	NZ_JH724079.1	3689041	3689775	3	2
BOOTSTRAP9	NZ_JH724079.1	3690787	3691331	118	43
BOOTSTRAP9	NZ_JH724079.1	3763406	3764140	0	0
BOOTSTRAP9	NZ_JH724079.1	3813584	3814318	3	3
BOOTSTRAP9	NZ_JH724079.1	3982480	3983214	0	0
BOOTSTRAP9	NZ_JH724079.1	4000331	4000875	27	9
BOOTSTRAP9	NZ_JH724080.1	96489	97542	251	82
BOOTSTRAP9	NZ_JH724080.1	133931	134665	0	0
BOOTSTRAP9	NZ_JH724080.1	196609	197153	102	30
BOOTSTRAP9	NZ_JH724080.1	198643	199377	20	12
BOOTSTRAP9	NZ_JH724080.1	218104	218838	2	2
BOOTSTRAP9	NZ_JH724080.1	247177	247911	0	0
BOOTSTRAP9	NZ_JH724080.1	259942	260486	21	15
BOOTSTRAP9	NZ_JH724080.1	290857	291591	0	0
BOOTSTRAP9	NZ_JH724080.1	334280	335014	270	80
BOOTSTRAP9	NZ_JH724080.1	410206	410940	1495	465
BOOTSTRAP9	NZ_JH724080.1	424217	424761	34	14
BOOTSTRAP9	NZ_JH724080.1	465144	465878	0	0
BOOTSTRAP9	NZ_JH724080.1	576042	576776	0	0
BOOTSTRAP9	NZ_JH724080.1	583726	584270	9	6
BOOTSTRAP9	NZ_JH724081.1	65913	66647	0	0
BOOTSTRAP9	NZ_JH724081.1	128351	129085	0	0
BOOTSTRAP9	NZ_JH724081.1	161231	161965	0	0
BOOTSTRAP9	NZ_JH724081.1	196336	196880	17	6
BOOTSTRAP9	NZ_JH724081.1	308654	309388	1036	309
BOOTSTRAP9	NZ_JH724081.1	333049	333783	1	1
BOOTSTRAP9	NZ_JH724081.1	346334	347068	0	0
BOOTSTRAP9	NZ_JH724081.1	360493	361227	0	0
BOOTSTRAP9	NZ_JH724081.1	361828	362372	1980	512
BOOTSTRAP9	NZ_JH724081.1	409540	410274	3	3
BOOTSTRAP9	NZ_JH724081.1	485886	486620	0	0
BOOTSTRAP9	NZ_JH724081.1	504763	505497	2	2
BOOTSTRAP9	NZ_JH724081.1	508475	509019	60	19
BOOTSTRAP9	NZ_JH724082.1	6999	7543	22	9
BOOTSTRAP9	NZ_JH724082.1	9923	10467	4	3
BOOTSTRAP9	NZ_JH724082.1	15792	16526	1	1
BOOTSTRAP9	NZ_JH724082.1	197654	198198	5	2
BOOTSTRAP9	NZ_JH724082.1	211583	212317	0	0
BOOTSTRAP10	NZ_JH724079.1	67578	68312	1	1
BOOTSTRAP10	NZ_JH724079.1	274534	275268	0	0
BOOTSTRAP10	NZ_JH724079.1	524767	525501	2	1
BOOTSTRAP10	NZ_JH724079.1	552265	552999	168	62
BOOTSTRAP10	NZ_JH724079.1	598995	599729	0	0
BOOTSTRAP10	NZ_JH724079.1	647503	648237	6	6
BOOTSTRAP10	NZ_JH724079.1	657177	657911	1978	1474
BOOTSTRAP10	NZ_JH724079.1	787220	787954	0	0
BOOTSTRAP10	NZ_JH724079.1	794357	795091	306	101
BOOTSTRAP10	NZ_JH724079.1	824145	824879	60	28
BOOTSTRAP10	NZ_JH724079.1	868394	869128	398	101
BOOTSTRAP10	NZ_JH724079.1	914721	915455	20	20
BOOTSTRAP10	NZ_JH724079.1	1069096	1069830	193	52
BOOTSTRAP10	NZ_JH724079.1	1144079	1144813	0	0
BOOTSTRAP10	NZ_JH724079.1	1280280	1281014	915	914
BOOTSTRAP10	NZ_JH724079.1	1432260	1432994	0	0
BOOTSTRAP10	NZ_JH724079.1	1519955	1520689	0	0
BOOTSTRAP10	NZ_JH724079.1	1591290	1591834	311	96
BOOTSTRAP10	NZ_JH724079.1	1654364	1655098	0	0
BOOTSTRAP10	NZ_JH724079.1	1706122	1706856	0	0
BOOTSTRAP10	NZ_JH724079.1	1760420	1761531	1904	455
BOOTSTRAP10	NZ_JH724079.1	1774169	1774903	0	0
BOOTSTRAP10	NZ_JH724079.1	1900536	1901270	0	0
BOOTSTRAP10	NZ_JH724079.1	1953115	1953849	0	0
BOOTSTRAP10	NZ_JH724079.1	2193257	2193991	0	0
BOOTSTRAP10	NZ_JH724079.1	2201194	2201928	0	0
BOOTSTRAP10	NZ_JH724079.1	2426945	2427679	42	15
BOOTSTRAP10	NZ_JH724079.1	2450764	2451498	0	0
BOOTSTRAP10	NZ_JH724079.1	2522236	2522970	0	0
BOOTSTRAP10	NZ_JH724079.1	2612400	2613134	0	0
BOOTSTRAP10	NZ_JH724079.1	2671944	2672678	0	0
BOOTSTRAP10	NZ_JH724079.1	2672739	2673283	36	13
BOOTSTRAP10	NZ_JH724079.1	2777994	2778819	120	77
BOOTSTRAP10	NZ_JH724079.1	2800643	2802111	1895	480
BOOTSTRAP10	NZ_JH724079.1	2810204	2810748	10	4
BOOTSTRAP10	NZ_JH724079.1	2814259	2814993	0	0
BOOTSTRAP10	NZ_JH724079.1	2845458	2846192	0	0
BOOTSTRAP10	NZ_JH724079.1	2914172	2914906	0	0
BOOTSTRAP10	NZ_JH724079.1	2965860	2966594	0	0
BOOTSTRAP10	NZ_JH724079.1	3009281	3009825	2710	706
BOOTSTRAP10	NZ_JH724079.1	3189492	3190226	0	0
BOOTSTRAP10	NZ_JH724079.1	3192465	3193199	0	0
BOOTSTRAP10	NZ_JH724079.1	3229626	3230170	627	263
BOOTSTRAP10	NZ_JH724079.1	3243529	3244263	195	68
BOOTSTRAP10	NZ_JH724079.1	3264057	3264791	3	3
BOOTSTRAP10	NZ_JH724079.1	3370840	3371894	346	86
BOOTSTRAP10	NZ_JH724079.1	3423299	3424033	30	12
BOOTSTRAP10	NZ_JH724079.1	3585192	3585926	0	0
BOOTSTRAP10	NZ_JH724079.1	3624887	3625621	0	0
BOOTSTRAP10	NZ_JH724079.1	3689041	3689775	3	2
BOOTSTRAP10	NZ_JH724079.1	3690787	3691331	100	39
BOOTSTRAP10	NZ_JH724079.1	3763406	3764140	0	0
BOOTSTRAP10	NZ_JH724079.1	3813584	3814318	4	4
BOOTSTRAP10	NZ_JH724079.1	3982480	3983214	0	0
BOOTSTRAP10	NZ_JH724079.1	4000331	4000875	26	10
BOOTSTRAP10	NZ_JH724080.1	96489	97542	232	72
BOOTSTRAP10	NZ_JH724080.1	133931	134665	0	0
BOOTSTRAP10	NZ_JH724080.1	196609	197153	97	30
BOOTSTRAP10	NZ_JH724080.1	198643	199377	18	11
BOOTSTRAP10	NZ_JH724080.1	218104	218838	0	0
BOOTSTRAP10	NZ_JH724080.1	247177	247911	0	0
BOOTSTRAP10	NZ_JH724080.1	259942	260486	20	12
BOOTSTRAP10	NZ_JH724080.1	290857	291591	0	0
BOOTSTRAP10	NZ_JH724080.1	334280	335014	294	78
BOOTSTRAP10	NZ_JH724080.1	410206	410940	1544	478
BOOTSTRAP10	NZ_JH724080.1	424217	424761	36	13
BOOTSTRAP10	NZ_JH724080.1	465144	465878	0	0
BOOTSTRAP10	NZ_JH724080.1	576042	576776	0	0
BOOTSTRAP10	NZ_JH724080.1	583726	584270	13	7
BOOTSTRAP10	NZ_JH724081.1	65913	66647	0	0
BOOTSTRAP10	NZ_JH724081.1	128351	129085	0	0
BOOTSTRAP10	NZ_JH724081.1	161231	161965	0	0
BOOTSTRAP10	NZ_JH724081.1	196336	196880	22	13
BOOTSTRAP10	NZ_JH724081.1	308654	309388	1057	344
BOOTSTRAP10	NZ_JH724081.1	333049	333783	1	1
BOOTSTRAP10	NZ_JH724081.1	346334	347068	0	0
BOOTSTRAP10	NZ_JH724081.1	360493	361227	1	1
BOOTSTRAP10	NZ_JH724081.1	361828	362372	2001	455
BOOTSTRAP10	NZ_JH724081.1	409540	410274	11	9
BOOTSTRAP10	NZ_JH724081.1	485886	486620	0	0
BOOTSTRAP10	NZ_JH724081.1	504763	505497	1	1
BOOTSTRAP10	NZ_JH724081.1	508475	509019	71	29
BOOTSTRAP10	NZ_JH724082.1	6999	7543	18	7
BOOTSTRAP10	NZ_JH724082.1	9923	10467	7	5
BOOTSTRAP10	NZ_JH724082.1	15792	16526	2	2
BOOTSTRAP10	NZ_JH724082.1	197654	198198	2	2
BOOTSTRAP10	NZ_JH724082.1	211583	212317	0	0
