Sample	Sampling	Contig	PeakStart	PeakEnd	ReadCount	ReadDepth
OrigSim	EMPIRICAL	NZ_JH724079.1	117412	118412	137	27
OrigSim	EMPIRICAL	NZ_JH724079.1	130533	131446	140	30
OrigSim	EMPIRICAL	NZ_JH724079.1	435161	435661	7	6
OrigSim	EMPIRICAL	NZ_JH724079.1	491036	491976	144	32
OrigSim	EMPIRICAL	NZ_JH724079.1	935817	936317	129	30
OrigSim	EMPIRICAL	NZ_JH724079.1	1083887	1084387	136	28
OrigSim	EMPIRICAL	NZ_JH724079.1	1208134	1208641	143	33
OrigSim	EMPIRICAL	NZ_JH724079.1	1255341	1255841	49	11
OrigSim	EMPIRICAL	NZ_JH724079.1	1324954	1325454	125	29
OrigSim	EMPIRICAL	NZ_JH724079.1	1366425	1366925	144	32
OrigSim	EMPIRICAL	NZ_JH724079.1	1419141	1419641	148	31
OrigSim	EMPIRICAL	NZ_JH724079.1	1438935	1439436	33	31
OrigSim	EMPIRICAL	NZ_JH724079.1	1485553	1486053	135	37
OrigSim	EMPIRICAL	NZ_JH724079.1	1564741	1565241	119	25
OrigSim	EMPIRICAL	NZ_JH724079.1	1788568	1789068	129	31
OrigSim	EMPIRICAL	NZ_JH724079.1	1789069	1789569	32	24
OrigSim	EMPIRICAL	NZ_JH724079.1	1969285	1969785	129	32
OrigSim	EMPIRICAL	NZ_JH724079.1	1969786	1970286	21	19
OrigSim	EMPIRICAL	NZ_JH724079.1	1996344	1997344	120	27
OrigSim	EMPIRICAL	NZ_JH724079.1	2119697	2120197	128	28
OrigSim	EMPIRICAL	NZ_JH724079.1	2194529	2195029	129	35
OrigSim	EMPIRICAL	NZ_JH724079.1	2195031	2195531	21	18
OrigSim	EMPIRICAL	NZ_JH724079.1	2293742	2294242	114	28
OrigSim	EMPIRICAL	NZ_JH724079.1	2294253	2294753	18	12
OrigSim	EMPIRICAL	NZ_JH724079.1	2472749	2473249	155	33
OrigSim	EMPIRICAL	NZ_JH724079.1	2515591	2516091	138	35
OrigSim	EMPIRICAL	NZ_JH724079.1	2534325	2534825	152	31
OrigSim	EMPIRICAL	NZ_JH724079.1	2614934	2615434	137	34
OrigSim	EMPIRICAL	NZ_JH724079.1	2615442	2615942	22	19
OrigSim	EMPIRICAL	NZ_JH724079.1	2693424	2693924	139	36
OrigSim	EMPIRICAL	NZ_JH724079.1	2841183	2841683	144	32
OrigSim	EMPIRICAL	NZ_JH724079.1	2841692	2842192	14	14
OrigSim	EMPIRICAL	NZ_JH724079.1	2931085	2931585	135	32
OrigSim	EMPIRICAL	NZ_JH724079.1	3107435	3107935	135	32
OrigSim	EMPIRICAL	NZ_JH724079.1	3427333	3427833	139	33
OrigSim	EMPIRICAL	NZ_JH724079.1	3427842	3428342	18	17
OrigSim	EMPIRICAL	NZ_JH724079.1	3438829	3439329	132	34
OrigSim	EMPIRICAL	NZ_JH724079.1	3439330	3439830	31	27
OrigSim	EMPIRICAL	NZ_JH724079.1	3509756	3510256	137	33
OrigSim	EMPIRICAL	NZ_JH724079.1	3517283	3517783	16	5
OrigSim	EMPIRICAL	NZ_JH724079.1	3526515	3527015	164	36
OrigSim	EMPIRICAL	NZ_JH724079.1	3527019	3527519	18	18
OrigSim	EMPIRICAL	NZ_JH724079.1	3567889	3568389	137	29
OrigSim	EMPIRICAL	NZ_JH724079.1	3568392	3568892	32	27
OrigSim	EMPIRICAL	NZ_JH724079.1	3815529	3816029	152	32
OrigSim	EMPIRICAL	NZ_JH724079.1	3885703	3886203	127	39
OrigSim	EMPIRICAL	NZ_JH724079.1	3886206	3886706	36	24
OrigSim	EMPIRICAL	NZ_JH724079.1	3919515	3920015	110	27
OrigSim	EMPIRICAL	NZ_JH724080.1	93787	94287	152	37
OrigSim	EMPIRICAL	NZ_JH724080.1	210263	210763	33	29
OrigSim	EMPIRICAL	NZ_JH724080.1	234696	235196	23	19
OrigSim	EMPIRICAL	NZ_JH724080.1	295670	296170	19	16
OrigSim	EMPIRICAL	NZ_JH724080.1	390679	391179	29	22
OrigSim	EMPIRICAL	NZ_JH724081.1	23704	24204	124	32
OrigSim	EMPIRICAL	NZ_JH724081.1	209623	210123	127	33
OrigSim	EMPIRICAL	NZ_JH724081.1	330261	330761	136	29
OrigSim	EMPIRICAL	NZ_JH724081.1	429293	429793	117	28
OrigSim	EMPIRICAL	NZ_JH724082.1	26669	27169	152	36
OrigSim	EMPIRICAL	NZ_JH724082.1	34640	35140	18	18
OrigSim	BOOTSTRAP1	NZ_JH724079.1	117412	118412	166	32
OrigSim	BOOTSTRAP1	NZ_JH724079.1	130533	131446	123	31
OrigSim	BOOTSTRAP1	NZ_JH724079.1	435161	435661	10	8
OrigSim	BOOTSTRAP1	NZ_JH724079.1	491036	491976	140	37
OrigSim	BOOTSTRAP1	NZ_JH724079.1	935817	936317	124	33
OrigSim	BOOTSTRAP1	NZ_JH724079.1	1083887	1084387	149	38
OrigSim	BOOTSTRAP1	NZ_JH724079.1	1208134	1208641	145	39
OrigSim	BOOTSTRAP1	NZ_JH724079.1	1255341	1255841	49	14
OrigSim	BOOTSTRAP1	NZ_JH724079.1	1324954	1325454	136	42
OrigSim	BOOTSTRAP1	NZ_JH724079.1	1366425	1366925	145	35
OrigSim	BOOTSTRAP1	NZ_JH724079.1	1419141	1419641	154	36
OrigSim	BOOTSTRAP1	NZ_JH724079.1	1438935	1439436	35	33
OrigSim	BOOTSTRAP1	NZ_JH724079.1	1485553	1486053	126	39
OrigSim	BOOTSTRAP1	NZ_JH724079.1	1564741	1565241	119	29
OrigSim	BOOTSTRAP1	NZ_JH724079.1	1788568	1789068	129	33
OrigSim	BOOTSTRAP1	NZ_JH724079.1	1789069	1789569	37	29
OrigSim	BOOTSTRAP1	NZ_JH724079.1	1969285	1969785	122	35
OrigSim	BOOTSTRAP1	NZ_JH724079.1	1969786	1970286	20	18
OrigSim	BOOTSTRAP1	NZ_JH724079.1	1996344	1997344	117	31
OrigSim	BOOTSTRAP1	NZ_JH724079.1	2119697	2120197	132	30
OrigSim	BOOTSTRAP1	NZ_JH724079.1	2194529	2195029	124	39
OrigSim	BOOTSTRAP1	NZ_JH724079.1	2195031	2195531	19	17
OrigSim	BOOTSTRAP1	NZ_JH724079.1	2293742	2294242	103	28
OrigSim	BOOTSTRAP1	NZ_JH724079.1	2294253	2294753	14	12
OrigSim	BOOTSTRAP1	NZ_JH724079.1	2472749	2473249	132	36
OrigSim	BOOTSTRAP1	NZ_JH724079.1	2515591	2516091	116	29
OrigSim	BOOTSTRAP1	NZ_JH724079.1	2534325	2534825	145	40
OrigSim	BOOTSTRAP1	NZ_JH724079.1	2614934	2615434	144	34
OrigSim	BOOTSTRAP1	NZ_JH724079.1	2615442	2615942	28	22
OrigSim	BOOTSTRAP1	NZ_JH724079.1	2693424	2693924	127	36
OrigSim	BOOTSTRAP1	NZ_JH724079.1	2841183	2841683	144	38
OrigSim	BOOTSTRAP1	NZ_JH724079.1	2841692	2842192	16	16
OrigSim	BOOTSTRAP1	NZ_JH724079.1	2931085	2931585	146	36
OrigSim	BOOTSTRAP1	NZ_JH724079.1	3107435	3107935	135	31
OrigSim	BOOTSTRAP1	NZ_JH724079.1	3427333	3427833	141	34
OrigSim	BOOTSTRAP1	NZ_JH724079.1	3427842	3428342	21	18
OrigSim	BOOTSTRAP1	NZ_JH724079.1	3438829	3439329	122	37
OrigSim	BOOTSTRAP1	NZ_JH724079.1	3439330	3439830	22	20
OrigSim	BOOTSTRAP1	NZ_JH724079.1	3509756	3510256	140	37
OrigSim	BOOTSTRAP1	NZ_JH724079.1	3517283	3517783	11	4
OrigSim	BOOTSTRAP1	NZ_JH724079.1	3526515	3527015	151	40
OrigSim	BOOTSTRAP1	NZ_JH724079.1	3527019	3527519	11	11
OrigSim	BOOTSTRAP1	NZ_JH724079.1	3567889	3568389	136	35
OrigSim	BOOTSTRAP1	NZ_JH724079.1	3568392	3568892	36	28
OrigSim	BOOTSTRAP1	NZ_JH724079.1	3815529	3816029	136	34
OrigSim	BOOTSTRAP1	NZ_JH724079.1	3885703	3886203	127	34
OrigSim	BOOTSTRAP1	NZ_JH724079.1	3886206	3886706	35	27
OrigSim	BOOTSTRAP1	NZ_JH724079.1	3919515	3920015	111	32
OrigSim	BOOTSTRAP1	NZ_JH724080.1	93787	94287	161	42
OrigSim	BOOTSTRAP1	NZ_JH724080.1	210263	210763	38	36
OrigSim	BOOTSTRAP1	NZ_JH724080.1	234696	235196	33	30
OrigSim	BOOTSTRAP1	NZ_JH724080.1	295670	296170	15	15
OrigSim	BOOTSTRAP1	NZ_JH724080.1	390679	391179	37	30
OrigSim	BOOTSTRAP1	NZ_JH724081.1	23704	24204	128	35
OrigSim	BOOTSTRAP1	NZ_JH724081.1	209623	210123	108	30
OrigSim	BOOTSTRAP1	NZ_JH724081.1	330261	330761	126	32
OrigSim	BOOTSTRAP1	NZ_JH724081.1	429293	429793	122	34
OrigSim	BOOTSTRAP1	NZ_JH724082.1	26669	27169	164	37
OrigSim	BOOTSTRAP1	NZ_JH724082.1	34640	35140	23	23
OrigSim	BOOTSTRAP2	NZ_JH724079.1	117412	118412	114	28
OrigSim	BOOTSTRAP2	NZ_JH724079.1	130533	131446	133	30
OrigSim	BOOTSTRAP2	NZ_JH724079.1	435161	435661	4	4
OrigSim	BOOTSTRAP2	NZ_JH724079.1	491036	491976	148	38
OrigSim	BOOTSTRAP2	NZ_JH724079.1	935817	936317	138	33
OrigSim	BOOTSTRAP2	NZ_JH724079.1	1083887	1084387	142	35
OrigSim	BOOTSTRAP2	NZ_JH724079.1	1208134	1208641	127	35
OrigSim	BOOTSTRAP2	NZ_JH724079.1	1255341	1255841	55	17
OrigSim	BOOTSTRAP2	NZ_JH724079.1	1324954	1325454	118	42
OrigSim	BOOTSTRAP2	NZ_JH724079.1	1366425	1366925	142	35
OrigSim	BOOTSTRAP2	NZ_JH724079.1	1419141	1419641	139	37
OrigSim	BOOTSTRAP2	NZ_JH724079.1	1438935	1439436	45	43
OrigSim	BOOTSTRAP2	NZ_JH724079.1	1485553	1486053	113	33
OrigSim	BOOTSTRAP2	NZ_JH724079.1	1564741	1565241	125	30
OrigSim	BOOTSTRAP2	NZ_JH724079.1	1788568	1789068	127	31
OrigSim	BOOTSTRAP2	NZ_JH724079.1	1789069	1789569	31	22
OrigSim	BOOTSTRAP2	NZ_JH724079.1	1969285	1969785	132	37
OrigSim	BOOTSTRAP2	NZ_JH724079.1	1969786	1970286	22	21
OrigSim	BOOTSTRAP2	NZ_JH724079.1	1996344	1997344	109	26
OrigSim	BOOTSTRAP2	NZ_JH724079.1	2119697	2120197	106	26
OrigSim	BOOTSTRAP2	NZ_JH724079.1	2194529	2195029	123	41
OrigSim	BOOTSTRAP2	NZ_JH724079.1	2195031	2195531	20	14
OrigSim	BOOTSTRAP2	NZ_JH724079.1	2293742	2294242	139	37
OrigSim	BOOTSTRAP2	NZ_JH724079.1	2294253	2294753	24	20
OrigSim	BOOTSTRAP2	NZ_JH724079.1	2472749	2473249	159	37
OrigSim	BOOTSTRAP2	NZ_JH724079.1	2515591	2516091	139	35
OrigSim	BOOTSTRAP2	NZ_JH724079.1	2534325	2534825	151	35
OrigSim	BOOTSTRAP2	NZ_JH724079.1	2614934	2615434	131	33
OrigSim	BOOTSTRAP2	NZ_JH724079.1	2615442	2615942	19	18
OrigSim	BOOTSTRAP2	NZ_JH724079.1	2693424	2693924	150	37
OrigSim	BOOTSTRAP2	NZ_JH724079.1	2841183	2841683	159	45
OrigSim	BOOTSTRAP2	NZ_JH724079.1	2841692	2842192	18	18
OrigSim	BOOTSTRAP2	NZ_JH724079.1	2931085	2931585	136	32
OrigSim	BOOTSTRAP2	NZ_JH724079.1	3107435	3107935	130	29
OrigSim	BOOTSTRAP2	NZ_JH724079.1	3427333	3427833	144	39
OrigSim	BOOTSTRAP2	NZ_JH724079.1	3427842	3428342	21	19
OrigSim	BOOTSTRAP2	NZ_JH724079.1	3438829	3439329	141	35
OrigSim	BOOTSTRAP2	NZ_JH724079.1	3439330	3439830	26	25
OrigSim	BOOTSTRAP2	NZ_JH724079.1	3509756	3510256	138	29
OrigSim	BOOTSTRAP2	NZ_JH724079.1	3517283	3517783	20	8
OrigSim	BOOTSTRAP2	NZ_JH724079.1	3526515	3527015	166	39
OrigSim	BOOTSTRAP2	NZ_JH724079.1	3527019	3527519	24	24
OrigSim	BOOTSTRAP2	NZ_JH724079.1	3567889	3568389	146	37
OrigSim	BOOTSTRAP2	NZ_JH724079.1	3568392	3568892	22	18
OrigSim	BOOTSTRAP2	NZ_JH724079.1	3815529	3816029	156	38
OrigSim	BOOTSTRAP2	NZ_JH724079.1	3885703	3886203	133	39
OrigSim	BOOTSTRAP2	NZ_JH724079.1	3886206	3886706	36	28
OrigSim	BOOTSTRAP2	NZ_JH724079.1	3919515	3920015	114	29
OrigSim	BOOTSTRAP2	NZ_JH724080.1	93787	94287	166	45
OrigSim	BOOTSTRAP2	NZ_JH724080.1	210263	210763	42	37
OrigSim	BOOTSTRAP2	NZ_JH724080.1	234696	235196	24	20
OrigSim	BOOTSTRAP2	NZ_JH724080.1	295670	296170	24	21
OrigSim	BOOTSTRAP2	NZ_JH724080.1	390679	391179	24	18
OrigSim	BOOTSTRAP2	NZ_JH724081.1	23704	24204	128	37
OrigSim	BOOTSTRAP2	NZ_JH724081.1	209623	210123	115	29
OrigSim	BOOTSTRAP2	NZ_JH724081.1	330261	330761	130	29
OrigSim	BOOTSTRAP2	NZ_JH724081.1	429293	429793	131	35
OrigSim	BOOTSTRAP2	NZ_JH724082.1	26669	27169	152	41
OrigSim	BOOTSTRAP2	NZ_JH724082.1	34640	35140	20	20
OrigSim	BOOTSTRAP3	NZ_JH724079.1	117412	118412	127	30
OrigSim	BOOTSTRAP3	NZ_JH724079.1	130533	131446	166	38
OrigSim	BOOTSTRAP3	NZ_JH724079.1	435161	435661	7	5
OrigSim	BOOTSTRAP3	NZ_JH724079.1	491036	491976	140	29
OrigSim	BOOTSTRAP3	NZ_JH724079.1	935817	936317	145	41
OrigSim	BOOTSTRAP3	NZ_JH724079.1	1083887	1084387	154	36
OrigSim	BOOTSTRAP3	NZ_JH724079.1	1208134	1208641	136	33
OrigSim	BOOTSTRAP3	NZ_JH724079.1	1255341	1255841	60	16
OrigSim	BOOTSTRAP3	NZ_JH724079.1	1324954	1325454	134	38
OrigSim	BOOTSTRAP3	NZ_JH724079.1	1366425	1366925	133	36
OrigSim	BOOTSTRAP3	NZ_JH724079.1	1419141	1419641	150	34
OrigSim	BOOTSTRAP3	NZ_JH724079.1	1438935	1439436	34	34
OrigSim	BOOTSTRAP3	NZ_JH724079.1	1485553	1486053	135	37
OrigSim	BOOTSTRAP3	NZ_JH724079.1	1564741	1565241	124	29
OrigSim	BOOTSTRAP3	NZ_JH724079.1	1788568	1789068	118	32
OrigSim	BOOTSTRAP3	NZ_JH724079.1	1789069	1789569	30	24
OrigSim	BOOTSTRAP3	NZ_JH724079.1	1969285	1969785	136	37
OrigSim	BOOTSTRAP3	NZ_JH724079.1	1969786	1970286	16	15
OrigSim	BOOTSTRAP3	NZ_JH724079.1	1996344	1997344	132	34
OrigSim	BOOTSTRAP3	NZ_JH724079.1	2119697	2120197	139	34
OrigSim	BOOTSTRAP3	NZ_JH724079.1	2194529	2195029	136	32
OrigSim	BOOTSTRAP3	NZ_JH724079.1	2195031	2195531	22	19
OrigSim	BOOTSTRAP3	NZ_JH724079.1	2293742	2294242	117	37
OrigSim	BOOTSTRAP3	NZ_JH724079.1	2294253	2294753	14	11
OrigSim	BOOTSTRAP3	NZ_JH724079.1	2472749	2473249	142	35
OrigSim	BOOTSTRAP3	NZ_JH724079.1	2515591	2516091	145	52
OrigSim	BOOTSTRAP3	NZ_JH724079.1	2534325	2534825	144	32
OrigSim	BOOTSTRAP3	NZ_JH724079.1	2614934	2615434	149	43
OrigSim	BOOTSTRAP3	NZ_JH724079.1	2615442	2615942	26	23
OrigSim	BOOTSTRAP3	NZ_JH724079.1	2693424	2693924	143	42
OrigSim	BOOTSTRAP3	NZ_JH724079.1	2841183	2841683	152	45
OrigSim	BOOTSTRAP3	NZ_JH724079.1	2841692	2842192	10	10
OrigSim	BOOTSTRAP3	NZ_JH724079.1	2931085	2931585	125	36
OrigSim	BOOTSTRAP3	NZ_JH724079.1	3107435	3107935	126	28
OrigSim	BOOTSTRAP3	NZ_JH724079.1	3427333	3427833	131	35
OrigSim	BOOTSTRAP3	NZ_JH724079.1	3427842	3428342	22	21
OrigSim	BOOTSTRAP3	NZ_JH724079.1	3438829	3439329	110	27
OrigSim	BOOTSTRAP3	NZ_JH724079.1	3439330	3439830	22	18
OrigSim	BOOTSTRAP3	NZ_JH724079.1	3509756	3510256	132	40
OrigSim	BOOTSTRAP3	NZ_JH724079.1	3517283	3517783	8	3
OrigSim	BOOTSTRAP3	NZ_JH724079.1	3526515	3527015	155	34
OrigSim	BOOTSTRAP3	NZ_JH724079.1	3527019	3527519	15	15
OrigSim	BOOTSTRAP3	NZ_JH724079.1	3567889	3568389	129	34
OrigSim	BOOTSTRAP3	NZ_JH724079.1	3568392	3568892	31	25
OrigSim	BOOTSTRAP3	NZ_JH724079.1	3815529	3816029	139	32
OrigSim	BOOTSTRAP3	NZ_JH724079.1	3885703	3886203	130	45
OrigSim	BOOTSTRAP3	NZ_JH724079.1	3886206	3886706	41	28
OrigSim	BOOTSTRAP3	NZ_JH724079.1	3919515	3920015	109	34
OrigSim	BOOTSTRAP3	NZ_JH724080.1	93787	94287	152	51
OrigSim	BOOTSTRAP3	NZ_JH724080.1	210263	210763	26	25
OrigSim	BOOTSTRAP3	NZ_JH724080.1	234696	235196	26	23
OrigSim	BOOTSTRAP3	NZ_JH724080.1	295670	296170	17	16
OrigSim	BOOTSTRAP3	NZ_JH724080.1	390679	391179	28	24
OrigSim	BOOTSTRAP3	NZ_JH724081.1	23704	24204	109	28
OrigSim	BOOTSTRAP3	NZ_JH724081.1	209623	210123	106	25
OrigSim	BOOTSTRAP3	NZ_JH724081.1	330261	330761	141	36
OrigSim	BOOTSTRAP3	NZ_JH724081.1	429293	429793	104	31
OrigSim	BOOTSTRAP3	NZ_JH724082.1	26669	27169	157	40
OrigSim	BOOTSTRAP3	NZ_JH724082.1	34640	35140	20	20
OrigSim	BOOTSTRAP4	NZ_JH724079.1	117412	118412	143	31
OrigSim	BOOTSTRAP4	NZ_JH724079.1	130533	131446	128	36
OrigSim	BOOTSTRAP4	NZ_JH724079.1	435161	435661	5	4
OrigSim	BOOTSTRAP4	NZ_JH724079.1	491036	491976	139	34
OrigSim	BOOTSTRAP4	NZ_JH724079.1	935817	936317	125	34
OrigSim	BOOTSTRAP4	NZ_JH724079.1	1083887	1084387	145	39
OrigSim	BOOTSTRAP4	NZ_JH724079.1	1208134	1208641	150	41
OrigSim	BOOTSTRAP4	NZ_JH724079.1	1255341	1255841	49	12
OrigSim	BOOTSTRAP4	NZ_JH724079.1	1324954	1325454	146	32
OrigSim	BOOTSTRAP4	NZ_JH724079.1	1366425	1366925	118	31
OrigSim	BOOTSTRAP4	NZ_JH724079.1	1419141	1419641	149	33
OrigSim	BOOTSTRAP4	NZ_JH724079.1	1438935	1439436	30	29
OrigSim	BOOTSTRAP4	NZ_JH724079.1	1485553	1486053	127	41
OrigSim	BOOTSTRAP4	NZ_JH724079.1	1564741	1565241	110	25
OrigSim	BOOTSTRAP4	NZ_JH724079.1	1788568	1789068	138	38
OrigSim	BOOTSTRAP4	NZ_JH724079.1	1789069	1789569	29	24
OrigSim	BOOTSTRAP4	NZ_JH724079.1	1969285	1969785	135	38
OrigSim	BOOTSTRAP4	NZ_JH724079.1	1969786	1970286	19	16
OrigSim	BOOTSTRAP4	NZ_JH724079.1	1996344	1997344	106	27
OrigSim	BOOTSTRAP4	NZ_JH724079.1	2119697	2120197	131	35
OrigSim	BOOTSTRAP4	NZ_JH724079.1	2194529	2195029	154	42
OrigSim	BOOTSTRAP4	NZ_JH724079.1	2195031	2195531	24	21
OrigSim	BOOTSTRAP4	NZ_JH724079.1	2293742	2294242	124	39
OrigSim	BOOTSTRAP4	NZ_JH724079.1	2294253	2294753	22	15
OrigSim	BOOTSTRAP4	NZ_JH724079.1	2472749	2473249	165	40
OrigSim	BOOTSTRAP4	NZ_JH724079.1	2515591	2516091	126	34
OrigSim	BOOTSTRAP4	NZ_JH724079.1	2534325	2534825	150	31
OrigSim	BOOTSTRAP4	NZ_JH724079.1	2614934	2615434	118	33
OrigSim	BOOTSTRAP4	NZ_JH724079.1	2615442	2615942	18	16
OrigSim	BOOTSTRAP4	NZ_JH724079.1	2693424	2693924	147	55
OrigSim	BOOTSTRAP4	NZ_JH724079.1	2841183	2841683	142	36
OrigSim	BOOTSTRAP4	NZ_JH724079.1	2841692	2842192	15	15
OrigSim	BOOTSTRAP4	NZ_JH724079.1	2931085	2931585	137	31
OrigSim	BOOTSTRAP4	NZ_JH724079.1	3107435	3107935	132	34
OrigSim	BOOTSTRAP4	NZ_JH724079.1	3427333	3427833	149	35
OrigSim	BOOTSTRAP4	NZ_JH724079.1	3427842	3428342	24	23
OrigSim	BOOTSTRAP4	NZ_JH724079.1	3438829	3439329	142	35
OrigSim	BOOTSTRAP4	NZ_JH724079.1	3439330	3439830	43	38
OrigSim	BOOTSTRAP4	NZ_JH724079.1	3509756	3510256	120	33
OrigSim	BOOTSTRAP4	NZ_JH724079.1	3517283	3517783	15	7
OrigSim	BOOTSTRAP4	NZ_JH724079.1	3526515	3527015	158	34
OrigSim	BOOTSTRAP4	NZ_JH724079.1	3527019	3527519	16	16
OrigSim	BOOTSTRAP4	NZ_JH724079.1	3567889	3568389	146	41
OrigSim	BOOTSTRAP4	NZ_JH724079.1	3568392	3568892	35	29
OrigSim	BOOTSTRAP4	NZ_JH724079.1	3815529	3816029	146	39
OrigSim	BOOTSTRAP4	NZ_JH724079.1	3885703	3886203	128	42
OrigSim	BOOTSTRAP4	NZ_JH724079.1	3886206	3886706	36	28
OrigSim	BOOTSTRAP4	NZ_JH724079.1	3919515	3920015	102	31
OrigSim	BOOTSTRAP4	NZ_JH724080.1	93787	94287	164	47
OrigSim	BOOTSTRAP4	NZ_JH724080.1	210263	210763	27	24
OrigSim	BOOTSTRAP4	NZ_JH724080.1	234696	235196	25	22
OrigSim	BOOTSTRAP4	NZ_JH724080.1	295670	296170	16	15
OrigSim	BOOTSTRAP4	NZ_JH724080.1	390679	391179	30	24
OrigSim	BOOTSTRAP4	NZ_JH724081.1	23704	24204	136	41
OrigSim	BOOTSTRAP4	NZ_JH724081.1	209623	210123	120	37
OrigSim	BOOTSTRAP4	NZ_JH724081.1	330261	330761	132	36
OrigSim	BOOTSTRAP4	NZ_JH724081.1	429293	429793	122	32
OrigSim	BOOTSTRAP4	NZ_JH724082.1	26669	27169	151	36
OrigSim	BOOTSTRAP4	NZ_JH724082.1	34640	35140	14	14
OrigSim	BOOTSTRAP5	NZ_JH724079.1	117412	118412	146	40
OrigSim	BOOTSTRAP5	NZ_JH724079.1	130533	131446	112	29
OrigSim	BOOTSTRAP5	NZ_JH724079.1	435161	435661	8	8
OrigSim	BOOTSTRAP5	NZ_JH724079.1	491036	491976	151	34
OrigSim	BOOTSTRAP5	NZ_JH724079.1	935817	936317	144	32
OrigSim	BOOTSTRAP5	NZ_JH724079.1	1083887	1084387	149	33
OrigSim	BOOTSTRAP5	NZ_JH724079.1	1208134	1208641	133	41
OrigSim	BOOTSTRAP5	NZ_JH724079.1	1255341	1255841	49	13
OrigSim	BOOTSTRAP5	NZ_JH724079.1	1324954	1325454	121	35
OrigSim	BOOTSTRAP5	NZ_JH724079.1	1366425	1366925	148	29
OrigSim	BOOTSTRAP5	NZ_JH724079.1	1419141	1419641	136	34
OrigSim	BOOTSTRAP5	NZ_JH724079.1	1438935	1439436	33	32
OrigSim	BOOTSTRAP5	NZ_JH724079.1	1485553	1486053	139	39
OrigSim	BOOTSTRAP5	NZ_JH724079.1	1564741	1565241	108	31
OrigSim	BOOTSTRAP5	NZ_JH724079.1	1788568	1789068	126	29
OrigSim	BOOTSTRAP5	NZ_JH724079.1	1789069	1789569	34	26
OrigSim	BOOTSTRAP5	NZ_JH724079.1	1969285	1969785	139	36
OrigSim	BOOTSTRAP5	NZ_JH724079.1	1969786	1970286	26	25
OrigSim	BOOTSTRAP5	NZ_JH724079.1	1996344	1997344	109	29
OrigSim	BOOTSTRAP5	NZ_JH724079.1	2119697	2120197	129	28
OrigSim	BOOTSTRAP5	NZ_JH724079.1	2194529	2195029	154	38
OrigSim	BOOTSTRAP5	NZ_JH724079.1	2195031	2195531	23	22
OrigSim	BOOTSTRAP5	NZ_JH724079.1	2293742	2294242	88	23
OrigSim	BOOTSTRAP5	NZ_JH724079.1	2294253	2294753	13	9
OrigSim	BOOTSTRAP5	NZ_JH724079.1	2472749	2473249	165	35
OrigSim	BOOTSTRAP5	NZ_JH724079.1	2515591	2516091	133	32
OrigSim	BOOTSTRAP5	NZ_JH724079.1	2534325	2534825	133	30
OrigSim	BOOTSTRAP5	NZ_JH724079.1	2614934	2615434	146	37
OrigSim	BOOTSTRAP5	NZ_JH724079.1	2615442	2615942	30	28
OrigSim	BOOTSTRAP5	NZ_JH724079.1	2693424	2693924	159	43
OrigSim	BOOTSTRAP5	NZ_JH724079.1	2841183	2841683	149	34
OrigSim	BOOTSTRAP5	NZ_JH724079.1	2841692	2842192	12	12
OrigSim	BOOTSTRAP5	NZ_JH724079.1	2931085	2931585	150	37
OrigSim	BOOTSTRAP5	NZ_JH724079.1	3107435	3107935	152	42
OrigSim	BOOTSTRAP5	NZ_JH724079.1	3427333	3427833	153	44
OrigSim	BOOTSTRAP5	NZ_JH724079.1	3427842	3428342	23	20
OrigSim	BOOTSTRAP5	NZ_JH724079.1	3438829	3439329	114	33
OrigSim	BOOTSTRAP5	NZ_JH724079.1	3439330	3439830	23	21
OrigSim	BOOTSTRAP5	NZ_JH724079.1	3509756	3510256	128	31
OrigSim	BOOTSTRAP5	NZ_JH724079.1	3517283	3517783	15	5
OrigSim	BOOTSTRAP5	NZ_JH724079.1	3526515	3527015	166	41
OrigSim	BOOTSTRAP5	NZ_JH724079.1	3527019	3527519	18	18
OrigSim	BOOTSTRAP5	NZ_JH724079.1	3567889	3568389	141	40
OrigSim	BOOTSTRAP5	NZ_JH724079.1	3568392	3568892	27	23
OrigSim	BOOTSTRAP5	NZ_JH724079.1	3815529	3816029	162	35
OrigSim	BOOTSTRAP5	NZ_JH724079.1	3885703	3886203	123	35
OrigSim	BOOTSTRAP5	NZ_JH724079.1	3886206	3886706	35	24
OrigSim	BOOTSTRAP5	NZ_JH724079.1	3919515	3920015	97	29
OrigSim	BOOTSTRAP5	NZ_JH724080.1	93787	94287	162	39
OrigSim	BOOTSTRAP5	NZ_JH724080.1	210263	210763	36	33
OrigSim	BOOTSTRAP5	NZ_JH724080.1	234696	235196	28	22
OrigSim	BOOTSTRAP5	NZ_JH724080.1	295670	296170	15	12
OrigSim	BOOTSTRAP5	NZ_JH724080.1	390679	391179	31	25
OrigSim	BOOTSTRAP5	NZ_JH724081.1	23704	24204	121	36
OrigSim	BOOTSTRAP5	NZ_JH724081.1	209623	210123	130	35
OrigSim	BOOTSTRAP5	NZ_JH724081.1	330261	330761	132	33
OrigSim	BOOTSTRAP5	NZ_JH724081.1	429293	429793	115	37
OrigSim	BOOTSTRAP5	NZ_JH724082.1	26669	27169	148	38
OrigSim	BOOTSTRAP5	NZ_JH724082.1	34640	35140	16	16
OrigSim	BOOTSTRAP6	NZ_JH724079.1	117412	118412	150	35
OrigSim	BOOTSTRAP6	NZ_JH724079.1	130533	131446	132	27
OrigSim	BOOTSTRAP6	NZ_JH724079.1	435161	435661	5	4
OrigSim	BOOTSTRAP6	NZ_JH724079.1	491036	491976	157	38
OrigSim	BOOTSTRAP6	NZ_JH724079.1	935817	936317	104	30
OrigSim	BOOTSTRAP6	NZ_JH724079.1	1083887	1084387	142	35
OrigSim	BOOTSTRAP6	NZ_JH724079.1	1208134	1208641	136	33
OrigSim	BOOTSTRAP6	NZ_JH724079.1	1255341	1255841	52	14
OrigSim	BOOTSTRAP6	NZ_JH724079.1	1324954	1325454	130	33
OrigSim	BOOTSTRAP6	NZ_JH724079.1	1366425	1366925	135	33
OrigSim	BOOTSTRAP6	NZ_JH724079.1	1419141	1419641	142	35
OrigSim	BOOTSTRAP6	NZ_JH724079.1	1438935	1439436	32	32
OrigSim	BOOTSTRAP6	NZ_JH724079.1	1485553	1486053	131	46
OrigSim	BOOTSTRAP6	NZ_JH724079.1	1564741	1565241	106	28
OrigSim	BOOTSTRAP6	NZ_JH724079.1	1788568	1789068	111	30
OrigSim	BOOTSTRAP6	NZ_JH724079.1	1789069	1789569	26	19
OrigSim	BOOTSTRAP6	NZ_JH724079.1	1969285	1969785	115	29
OrigSim	BOOTSTRAP6	NZ_JH724079.1	1969786	1970286	22	19
OrigSim	BOOTSTRAP6	NZ_JH724079.1	1996344	1997344	143	34
OrigSim	BOOTSTRAP6	NZ_JH724079.1	2119697	2120197	134	32
OrigSim	BOOTSTRAP6	NZ_JH724079.1	2194529	2195029	139	41
OrigSim	BOOTSTRAP6	NZ_JH724079.1	2195031	2195531	22	20
OrigSim	BOOTSTRAP6	NZ_JH724079.1	2293742	2294242	115	32
OrigSim	BOOTSTRAP6	NZ_JH724079.1	2294253	2294753	18	15
OrigSim	BOOTSTRAP6	NZ_JH724079.1	2472749	2473249	141	33
OrigSim	BOOTSTRAP6	NZ_JH724079.1	2515591	2516091	130	37
OrigSim	BOOTSTRAP6	NZ_JH724079.1	2534325	2534825	140	35
OrigSim	BOOTSTRAP6	NZ_JH724079.1	2614934	2615434	147	38
OrigSim	BOOTSTRAP6	NZ_JH724079.1	2615442	2615942	23	22
OrigSim	BOOTSTRAP6	NZ_JH724079.1	2693424	2693924	152	43
OrigSim	BOOTSTRAP6	NZ_JH724079.1	2841183	2841683	139	35
OrigSim	BOOTSTRAP6	NZ_JH724079.1	2841692	2842192	19	19
OrigSim	BOOTSTRAP6	NZ_JH724079.1	2931085	2931585	142	39
OrigSim	BOOTSTRAP6	NZ_JH724079.1	3107435	3107935	155	39
OrigSim	BOOTSTRAP6	NZ_JH724079.1	3427333	3427833	125	30
OrigSim	BOOTSTRAP6	NZ_JH724079.1	3427842	3428342	14	13
OrigSim	BOOTSTRAP6	NZ_JH724079.1	3438829	3439329	124	35
OrigSim	BOOTSTRAP6	NZ_JH724079.1	3439330	3439830	36	30
OrigSim	BOOTSTRAP6	NZ_JH724079.1	3509756	3510256	136	40
OrigSim	BOOTSTRAP6	NZ_JH724079.1	3517283	3517783	18	10
OrigSim	BOOTSTRAP6	NZ_JH724079.1	3526515	3527015	170	40
OrigSim	BOOTSTRAP6	NZ_JH724079.1	3527019	3527519	33	33
OrigSim	BOOTSTRAP6	NZ_JH724079.1	3567889	3568389	120	29
OrigSim	BOOTSTRAP6	NZ_JH724079.1	3568392	3568892	30	27
OrigSim	BOOTSTRAP6	NZ_JH724079.1	3815529	3816029	171	38
OrigSim	BOOTSTRAP6	NZ_JH724079.1	3885703	3886203	121	37
OrigSim	BOOTSTRAP6	NZ_JH724079.1	3886206	3886706	34	28
OrigSim	BOOTSTRAP6	NZ_JH724079.1	3919515	3920015	89	22
OrigSim	BOOTSTRAP6	NZ_JH724080.1	93787	94287	165	52
OrigSim	BOOTSTRAP6	NZ_JH724080.1	210263	210763	30	28
OrigSim	BOOTSTRAP6	NZ_JH724080.1	234696	235196	21	16
OrigSim	BOOTSTRAP6	NZ_JH724080.1	295670	296170	16	15
OrigSim	BOOTSTRAP6	NZ_JH724080.1	390679	391179	30	23
OrigSim	BOOTSTRAP6	NZ_JH724081.1	23704	24204	116	35
OrigSim	BOOTSTRAP6	NZ_JH724081.1	209623	210123	113	35
OrigSim	BOOTSTRAP6	NZ_JH724081.1	330261	330761	139	36
OrigSim	BOOTSTRAP6	NZ_JH724081.1	429293	429793	130	34
OrigSim	BOOTSTRAP6	NZ_JH724082.1	26669	27169	141	32
OrigSim	BOOTSTRAP6	NZ_JH724082.1	34640	35140	15	15
OrigSim	BOOTSTRAP7	NZ_JH724079.1	117412	118412	135	40
OrigSim	BOOTSTRAP7	NZ_JH724079.1	130533	131446	134	32
OrigSim	BOOTSTRAP7	NZ_JH724079.1	435161	435661	6	6
OrigSim	BOOTSTRAP7	NZ_JH724079.1	491036	491976	167	47
OrigSim	BOOTSTRAP7	NZ_JH724079.1	935817	936317	124	36
OrigSim	BOOTSTRAP7	NZ_JH724079.1	1083887	1084387	142	32
OrigSim	BOOTSTRAP7	NZ_JH724079.1	1208134	1208641	137	34
OrigSim	BOOTSTRAP7	NZ_JH724079.1	1255341	1255841	42	11
OrigSim	BOOTSTRAP7	NZ_JH724079.1	1324954	1325454	126	30
OrigSim	BOOTSTRAP7	NZ_JH724079.1	1366425	1366925	124	26
OrigSim	BOOTSTRAP7	NZ_JH724079.1	1419141	1419641	143	32
OrigSim	BOOTSTRAP7	NZ_JH724079.1	1438935	1439436	27	27
OrigSim	BOOTSTRAP7	NZ_JH724079.1	1485553	1486053	115	42
OrigSim	BOOTSTRAP7	NZ_JH724079.1	1564741	1565241	116	31
OrigSim	BOOTSTRAP7	NZ_JH724079.1	1788568	1789068	121	34
OrigSim	BOOTSTRAP7	NZ_JH724079.1	1789069	1789569	35	30
OrigSim	BOOTSTRAP7	NZ_JH724079.1	1969285	1969785	140	43
OrigSim	BOOTSTRAP7	NZ_JH724079.1	1969786	1970286	16	15
OrigSim	BOOTSTRAP7	NZ_JH724079.1	1996344	1997344	94	23
OrigSim	BOOTSTRAP7	NZ_JH724079.1	2119697	2120197	138	30
OrigSim	BOOTSTRAP7	NZ_JH724079.1	2194529	2195029	133	41
OrigSim	BOOTSTRAP7	NZ_JH724079.1	2195031	2195531	17	15
OrigSim	BOOTSTRAP7	NZ_JH724079.1	2293742	2294242	132	35
OrigSim	BOOTSTRAP7	NZ_JH724079.1	2294253	2294753	18	13
OrigSim	BOOTSTRAP7	NZ_JH724079.1	2472749	2473249	145	37
OrigSim	BOOTSTRAP7	NZ_JH724079.1	2515591	2516091	152	47
OrigSim	BOOTSTRAP7	NZ_JH724079.1	2534325	2534825	143	33
OrigSim	BOOTSTRAP7	NZ_JH724079.1	2614934	2615434	127	35
OrigSim	BOOTSTRAP7	NZ_JH724079.1	2615442	2615942	25	22
OrigSim	BOOTSTRAP7	NZ_JH724079.1	2693424	2693924	153	45
OrigSim	BOOTSTRAP7	NZ_JH724079.1	2841183	2841683	150	38
OrigSim	BOOTSTRAP7	NZ_JH724079.1	2841692	2842192	15	15
OrigSim	BOOTSTRAP7	NZ_JH724079.1	2931085	2931585	135	39
OrigSim	BOOTSTRAP7	NZ_JH724079.1	3107435	3107935	129	31
OrigSim	BOOTSTRAP7	NZ_JH724079.1	3427333	3427833	138	38
OrigSim	BOOTSTRAP7	NZ_JH724079.1	3427842	3428342	17	17
OrigSim	BOOTSTRAP7	NZ_JH724079.1	3438829	3439329	141	34
OrigSim	BOOTSTRAP7	NZ_JH724079.1	3439330	3439830	35	31
OrigSim	BOOTSTRAP7	NZ_JH724079.1	3509756	3510256	156	39
OrigSim	BOOTSTRAP7	NZ_JH724079.1	3517283	3517783	20	6
OrigSim	BOOTSTRAP7	NZ_JH724079.1	3526515	3527015	154	37
OrigSim	BOOTSTRAP7	NZ_JH724079.1	3527019	3527519	24	24
OrigSim	BOOTSTRAP7	NZ_JH724079.1	3567889	3568389	131	36
OrigSim	BOOTSTRAP7	NZ_JH724079.1	3568392	3568892	34	30
OrigSim	BOOTSTRAP7	NZ_JH724079.1	3815529	3816029	158	37
OrigSim	BOOTSTRAP7	NZ_JH724079.1	3885703	3886203	126	33
OrigSim	BOOTSTRAP7	NZ_JH724079.1	3886206	3886706	36	31
OrigSim	BOOTSTRAP7	NZ_JH724079.1	3919515	3920015	102	28
OrigSim	BOOTSTRAP7	NZ_JH724080.1	93787	94287	147	45
OrigSim	BOOTSTRAP7	NZ_JH724080.1	210263	210763	38	35
OrigSim	BOOTSTRAP7	NZ_JH724080.1	234696	235196	17	17
OrigSim	BOOTSTRAP7	NZ_JH724080.1	295670	296170	24	20
OrigSim	BOOTSTRAP7	NZ_JH724080.1	390679	391179	25	20
OrigSim	BOOTSTRAP7	NZ_JH724081.1	23704	24204	114	37
OrigSim	BOOTSTRAP7	NZ_JH724081.1	209623	210123	129	35
OrigSim	BOOTSTRAP7	NZ_JH724081.1	330261	330761	121	33
OrigSim	BOOTSTRAP7	NZ_JH724081.1	429293	429793	125	32
OrigSim	BOOTSTRAP7	NZ_JH724082.1	26669	27169	158	45
OrigSim	BOOTSTRAP7	NZ_JH724082.1	34640	35140	20	20
OrigSim	BOOTSTRAP8	NZ_JH724079.1	117412	118412	126	29
OrigSim	BOOTSTRAP8	NZ_JH724079.1	130533	131446	146	35
OrigSim	BOOTSTRAP8	NZ_JH724079.1	435161	435661	4	4
OrigSim	BOOTSTRAP8	NZ_JH724079.1	491036	491976	150	37
OrigSim	BOOTSTRAP8	NZ_JH724079.1	935817	936317	145	38
OrigSim	BOOTSTRAP8	NZ_JH724079.1	1083887	1084387	119	31
OrigSim	BOOTSTRAP8	NZ_JH724079.1	1208134	1208641	136	34
OrigSim	BOOTSTRAP8	NZ_JH724079.1	1255341	1255841	40	10
OrigSim	BOOTSTRAP8	NZ_JH724079.1	1324954	1325454	112	32
OrigSim	BOOTSTRAP8	NZ_JH724079.1	1366425	1366925	139	38
OrigSim	BOOTSTRAP8	NZ_JH724079.1	1419141	1419641	160	34
OrigSim	BOOTSTRAP8	NZ_JH724079.1	1438935	1439436	30	30
OrigSim	BOOTSTRAP8	NZ_JH724079.1	1485553	1486053	130	32
OrigSim	BOOTSTRAP8	NZ_JH724079.1	1564741	1565241	111	26
OrigSim	BOOTSTRAP8	NZ_JH724079.1	1788568	1789068	130	28
OrigSim	BOOTSTRAP8	NZ_JH724079.1	1789069	1789569	28	22
OrigSim	BOOTSTRAP8	NZ_JH724079.1	1969285	1969785	142	40
OrigSim	BOOTSTRAP8	NZ_JH724079.1	1969786	1970286	29	24
OrigSim	BOOTSTRAP8	NZ_JH724079.1	1996344	1997344	112	26
OrigSim	BOOTSTRAP8	NZ_JH724079.1	2119697	2120197	114	29
OrigSim	BOOTSTRAP8	NZ_JH724079.1	2194529	2195029	110	29
OrigSim	BOOTSTRAP8	NZ_JH724079.1	2195031	2195531	23	20
OrigSim	BOOTSTRAP8	NZ_JH724079.1	2293742	2294242	118	32
OrigSim	BOOTSTRAP8	NZ_JH724079.1	2294253	2294753	22	18
OrigSim	BOOTSTRAP8	NZ_JH724079.1	2472749	2473249	160	39
OrigSim	BOOTSTRAP8	NZ_JH724079.1	2515591	2516091	130	35
OrigSim	BOOTSTRAP8	NZ_JH724079.1	2534325	2534825	144	36
OrigSim	BOOTSTRAP8	NZ_JH724079.1	2614934	2615434	130	37
OrigSim	BOOTSTRAP8	NZ_JH724079.1	2615442	2615942	16	14
OrigSim	BOOTSTRAP8	NZ_JH724079.1	2693424	2693924	138	37
OrigSim	BOOTSTRAP8	NZ_JH724079.1	2841183	2841683	133	33
OrigSim	BOOTSTRAP8	NZ_JH724079.1	2841692	2842192	11	11
OrigSim	BOOTSTRAP8	NZ_JH724079.1	2931085	2931585	139	37
OrigSim	BOOTSTRAP8	NZ_JH724079.1	3107435	3107935	139	37
OrigSim	BOOTSTRAP8	NZ_JH724079.1	3427333	3427833	129	33
OrigSim	BOOTSTRAP8	NZ_JH724079.1	3427842	3428342	18	17
OrigSim	BOOTSTRAP8	NZ_JH724079.1	3438829	3439329	141	33
OrigSim	BOOTSTRAP8	NZ_JH724079.1	3439330	3439830	33	26
OrigSim	BOOTSTRAP8	NZ_JH724079.1	3509756	3510256	138	39
OrigSim	BOOTSTRAP8	NZ_JH724079.1	3517283	3517783	18	6
OrigSim	BOOTSTRAP8	NZ_JH724079.1	3526515	3527015	167	40
OrigSim	BOOTSTRAP8	NZ_JH724079.1	3527019	3527519	19	19
OrigSim	BOOTSTRAP8	NZ_JH724079.1	3567889	3568389	130	35
OrigSim	BOOTSTRAP8	NZ_JH724079.1	3568392	3568892	36	30
OrigSim	BOOTSTRAP8	NZ_JH724079.1	3815529	3816029	150	34
OrigSim	BOOTSTRAP8	NZ_JH724079.1	3885703	3886203	144	49
OrigSim	BOOTSTRAP8	NZ_JH724079.1	3886206	3886706	41	28
OrigSim	BOOTSTRAP8	NZ_JH724079.1	3919515	3920015	116	31
OrigSim	BOOTSTRAP8	NZ_JH724080.1	93787	94287	148	42
OrigSim	BOOTSTRAP8	NZ_JH724080.1	210263	210763	30	27
OrigSim	BOOTSTRAP8	NZ_JH724080.1	234696	235196	21	17
OrigSim	BOOTSTRAP8	NZ_JH724080.1	295670	296170	20	19
OrigSim	BOOTSTRAP8	NZ_JH724080.1	390679	391179	29	22
OrigSim	BOOTSTRAP8	NZ_JH724081.1	23704	24204	105	36
OrigSim	BOOTSTRAP8	NZ_JH724081.1	209623	210123	125	39
OrigSim	BOOTSTRAP8	NZ_JH724081.1	330261	330761	167	42
OrigSim	BOOTSTRAP8	NZ_JH724081.1	429293	429793	117	28
OrigSim	BOOTSTRAP8	NZ_JH724082.1	26669	27169	167	41
OrigSim	BOOTSTRAP8	NZ_JH724082.1	34640	35140	15	15
OrigSim	BOOTSTRAP9	NZ_JH724079.1	117412	118412	161	35
OrigSim	BOOTSTRAP9	NZ_JH724079.1	130533	131446	138	32
OrigSim	BOOTSTRAP9	NZ_JH724079.1	435161	435661	7	5
OrigSim	BOOTSTRAP9	NZ_JH724079.1	491036	491976	152	40
OrigSim	BOOTSTRAP9	NZ_JH724079.1	935817	936317	136	37
OrigSim	BOOTSTRAP9	NZ_JH724079.1	1083887	1084387	156	44
OrigSim	BOOTSTRAP9	NZ_JH724079.1	1208134	1208641	133	35
OrigSim	BOOTSTRAP9	NZ_JH724079.1	1255341	1255841	52	15
OrigSim	BOOTSTRAP9	NZ_JH724079.1	1324954	1325454	139	34
OrigSim	BOOTSTRAP9	NZ_JH724079.1	1366425	1366925	155	41
OrigSim	BOOTSTRAP9	NZ_JH724079.1	1419141	1419641	123	29
OrigSim	BOOTSTRAP9	NZ_JH724079.1	1438935	1439436	25	24
OrigSim	BOOTSTRAP9	NZ_JH724079.1	1485553	1486053	126	34
OrigSim	BOOTSTRAP9	NZ_JH724079.1	1564741	1565241	131	37
OrigSim	BOOTSTRAP9	NZ_JH724079.1	1788568	1789068	157	44
OrigSim	BOOTSTRAP9	NZ_JH724079.1	1789069	1789569	25	21
OrigSim	BOOTSTRAP9	NZ_JH724079.1	1969285	1969785	128	37
OrigSim	BOOTSTRAP9	NZ_JH724079.1	1969786	1970286	24	20
OrigSim	BOOTSTRAP9	NZ_JH724079.1	1996344	1997344	107	35
OrigSim	BOOTSTRAP9	NZ_JH724079.1	2119697	2120197	131	30
OrigSim	BOOTSTRAP9	NZ_JH724079.1	2194529	2195029	141	50
OrigSim	BOOTSTRAP9	NZ_JH724079.1	2195031	2195531	24	21
OrigSim	BOOTSTRAP9	NZ_JH724079.1	2293742	2294242	101	33
OrigSim	BOOTSTRAP9	NZ_JH724079.1	2294253	2294753	14	11
OrigSim	BOOTSTRAP9	NZ_JH724079.1	2472749	2473249	148	39
OrigSim	BOOTSTRAP9	NZ_JH724079.1	2515591	2516091	101	26
OrigSim	BOOTSTRAP9	NZ_JH724079.1	2534325	2534825	139	35
OrigSim	BOOTSTRAP9	NZ_JH724079.1	2614934	2615434	156	39
OrigSim	BOOTSTRAP9	NZ_JH724079.1	2615442	2615942	31	25
OrigSim	BOOTSTRAP9	NZ_JH724079.1	2693424	2693924	132	36
OrigSim	BOOTSTRAP9	NZ_JH724079.1	2841183	2841683	143	34
OrigSim	BOOTSTRAP9	NZ_JH724079.1	2841692	2842192	14	14
OrigSim	BOOTSTRAP9	NZ_JH724079.1	2931085	2931585	128	28
OrigSim	BOOTSTRAP9	NZ_JH724079.1	3107435	3107935	143	37
OrigSim	BOOTSTRAP9	NZ_JH724079.1	3427333	3427833	117	26
OrigSim	BOOTSTRAP9	NZ_JH724079.1	3427842	3428342	13	13
OrigSim	BOOTSTRAP9	NZ_JH724079.1	3438829	3439329	129	42
OrigSim	BOOTSTRAP9	NZ_JH724079.1	3439330	3439830	34	27
OrigSim	BOOTSTRAP9	NZ_JH724079.1	3509756	3510256	149	44
OrigSim	BOOTSTRAP9	NZ_JH724079.1	3517283	3517783	15	7
OrigSim	BOOTSTRAP9	NZ_JH724079.1	3526515	3527015	175	37
OrigSim	BOOTSTRAP9	NZ_JH724079.1	3527019	3527519	12	12
OrigSim	BOOTSTRAP9	NZ_JH724079.1	3567889	3568389	114	34
OrigSim	BOOTSTRAP9	NZ_JH724079.1	3568392	3568892	27	21
OrigSim	BOOTSTRAP9	NZ_JH724079.1	3815529	3816029	146	33
OrigSim	BOOTSTRAP9	NZ_JH724079.1	3885703	3886203	135	43
OrigSim	BOOTSTRAP9	NZ_JH724079.1	3886206	3886706	40	29
OrigSim	BOOTSTRAP9	NZ_JH724079.1	3919515	3920015	114	31
OrigSim	BOOTSTRAP9	NZ_JH724080.1	93787	94287	154	44
OrigSim	BOOTSTRAP9	NZ_JH724080.1	210263	210763	29	25
OrigSim	BOOTSTRAP9	NZ_JH724080.1	234696	235196	18	16
OrigSim	BOOTSTRAP9	NZ_JH724080.1	295670	296170	28	20
OrigSim	BOOTSTRAP9	NZ_JH724080.1	390679	391179	24	17
OrigSim	BOOTSTRAP9	NZ_JH724081.1	23704	24204	133	38
OrigSim	BOOTSTRAP9	NZ_JH724081.1	209623	210123	149	44
OrigSim	BOOTSTRAP9	NZ_JH724081.1	330261	330761	162	37
OrigSim	BOOTSTRAP9	NZ_JH724081.1	429293	429793	115	33
OrigSim	BOOTSTRAP9	NZ_JH724082.1	26669	27169	146	46
OrigSim	BOOTSTRAP9	NZ_JH724082.1	34640	35140	10	10
OrigSim	BOOTSTRAP10	NZ_JH724079.1	117412	118412	134	35
OrigSim	BOOTSTRAP10	NZ_JH724079.1	130533	131446	156	37
OrigSim	BOOTSTRAP10	NZ_JH724079.1	435161	435661	8	7
OrigSim	BOOTSTRAP10	NZ_JH724079.1	491036	491976	157	37
OrigSim	BOOTSTRAP10	NZ_JH724079.1	935817	936317	132	35
OrigSim	BOOTSTRAP10	NZ_JH724079.1	1083887	1084387	141	31
OrigSim	BOOTSTRAP10	NZ_JH724079.1	1208134	1208641	154	39
OrigSim	BOOTSTRAP10	NZ_JH724079.1	1255341	1255841	50	15
OrigSim	BOOTSTRAP10	NZ_JH724079.1	1324954	1325454	133	40
OrigSim	BOOTSTRAP10	NZ_JH724079.1	1366425	1366925	149	42
OrigSim	BOOTSTRAP10	NZ_JH724079.1	1419141	1419641	133	31
OrigSim	BOOTSTRAP10	NZ_JH724079.1	1438935	1439436	31	31
OrigSim	BOOTSTRAP10	NZ_JH724079.1	1485553	1486053	133	35
OrigSim	BOOTSTRAP10	NZ_JH724079.1	1564741	1565241	127	29
OrigSim	BOOTSTRAP10	NZ_JH724079.1	1788568	1789068	129	37
OrigSim	BOOTSTRAP10	NZ_JH724079.1	1789069	1789569	31	25
OrigSim	BOOTSTRAP10	NZ_JH724079.1	1969285	1969785	125	31
OrigSim	BOOTSTRAP10	NZ_JH724079.1	1969786	1970286	24	23
OrigSim	BOOTSTRAP10	NZ_JH724079.1	1996344	1997344	118	29
OrigSim	BOOTSTRAP10	NZ_JH724079.1	2119697	2120197	144	38
OrigSim	BOOTSTRAP10	NZ_JH724079.1	2194529	2195029	151	35
OrigSim	BOOTSTRAP10	NZ_JH724079.1	2195031	2195531	28	25
OrigSim	BOOTSTRAP10	NZ_JH724079.1	2293742	2294242	121	33
OrigSim	BOOTSTRAP10	NZ_JH724079.1	2294253	2294753	16	12
OrigSim	BOOTSTRAP10	NZ_JH724079.1	2472749	2473249	142	34
OrigSim	BOOTSTRAP10	NZ_JH724079.1	2515591	2516091	132	40
OrigSim	BOOTSTRAP10	NZ_JH724079.1	2534325	2534825	152	35
OrigSim	BOOTSTRAP10	NZ_JH724079.1	2614934	2615434	125	40
OrigSim	BOOTSTRAP10	NZ_JH724079.1	2615442	2615942	24	20
OrigSim	BOOTSTRAP10	NZ_JH724079.1	2693424	2693924	132	35
OrigSim	BOOTSTRAP10	NZ_JH724079.1	2841183	2841683	135	28
OrigSim	BOOTSTRAP10	NZ_JH724079.1	2841692	2842192	16	16
OrigSim	BOOTSTRAP10	NZ_JH724079.1	2931085	2931585	127	31
OrigSim	BOOTSTRAP10	NZ_JH724079.1	3107435	3107935	135	31
OrigSim	BOOTSTRAP10	NZ_JH724079.1	3427333	3427833	145	41
OrigSim	BOOTSTRAP10	NZ_JH724079.1	3427842	3428342	15	14
OrigSim	BOOTSTRAP10	NZ_JH724079.1	3438829	3439329	153	46
OrigSim	BOOTSTRAP10	NZ_JH724079.1	3439330	3439830	29	26
OrigSim	BOOTSTRAP10	NZ_JH724079.1	3509756	3510256	131	35
OrigSim	BOOTSTRAP10	NZ_JH724079.1	3517283	3517783	21	7
OrigSim	BOOTSTRAP10	NZ_JH724079.1	3526515	3527015	160	38
OrigSim	BOOTSTRAP10	NZ_JH724079.1	3527019	3527519	18	18
OrigSim	BOOTSTRAP10	NZ_JH724079.1	3567889	3568389	157	40
OrigSim	BOOTSTRAP10	NZ_JH724079.1	3568392	3568892	26	21
OrigSim	BOOTSTRAP10	NZ_JH724079.1	3815529	3816029	121	23
OrigSim	BOOTSTRAP10	NZ_JH724079.1	3885703	3886203	120	29
OrigSim	BOOTSTRAP10	NZ_JH724079.1	3886206	3886706	27	20
OrigSim	BOOTSTRAP10	NZ_JH724079.1	3919515	3920015	108	29
OrigSim	BOOTSTRAP10	NZ_JH724080.1	93787	94287	153	39
OrigSim	BOOTSTRAP10	NZ_JH724080.1	210263	210763	23	20
OrigSim	BOOTSTRAP10	NZ_JH724080.1	234696	235196	20	17
OrigSim	BOOTSTRAP10	NZ_JH724080.1	295670	296170	25	24
OrigSim	BOOTSTRAP10	NZ_JH724080.1	390679	391179	26	21
OrigSim	BOOTSTRAP10	NZ_JH724081.1	23704	24204	130	37
OrigSim	BOOTSTRAP10	NZ_JH724081.1	209623	210123	126	37
OrigSim	BOOTSTRAP10	NZ_JH724081.1	330261	330761	147	32
OrigSim	BOOTSTRAP10	NZ_JH724081.1	429293	429793	108	28
OrigSim	BOOTSTRAP10	NZ_JH724082.1	26669	27169	143	34
OrigSim	BOOTSTRAP10	NZ_JH724082.1	34640	35140	19	19
DiffSim	EMPIRICAL	NZ_JH724079.1	117412	118412	274	54
DiffSim	EMPIRICAL	NZ_JH724079.1	130533	131446	280	60
DiffSim	EMPIRICAL	NZ_JH724079.1	435161	435661	14	12
DiffSim	EMPIRICAL	NZ_JH724079.1	491036	491976	288	64
DiffSim	EMPIRICAL	NZ_JH724079.1	935817	936317	258	60
DiffSim	EMPIRICAL	NZ_JH724079.1	1083887	1084387	272	56
DiffSim	EMPIRICAL	NZ_JH724079.1	1208134	1208641	286	66
DiffSim	EMPIRICAL	NZ_JH724079.1	1255341	1255841	98	22
DiffSim	EMPIRICAL	NZ_JH724079.1	1324954	1325454	250	58
DiffSim	EMPIRICAL	NZ_JH724079.1	1366425	1366925	288	64
DiffSim	EMPIRICAL	NZ_JH724079.1	1419141	1419641	296	62
DiffSim	EMPIRICAL	NZ_JH724079.1	1438935	1439436	66	62
DiffSim	EMPIRICAL	NZ_JH724079.1	1485553	1486053	270	74
DiffSim	EMPIRICAL	NZ_JH724079.1	1564741	1565241	238	50
DiffSim	EMPIRICAL	NZ_JH724079.1	1788568	1789068	258	62
DiffSim	EMPIRICAL	NZ_JH724079.1	1789069	1789569	64	48
DiffSim	EMPIRICAL	NZ_JH724079.1	1969285	1969785	258	64
DiffSim	EMPIRICAL	NZ_JH724079.1	1969786	1970286	42	38
DiffSim	EMPIRICAL	NZ_JH724079.1	1996344	1997344	240	54
DiffSim	EMPIRICAL	NZ_JH724079.1	2119697	2120197	128	28
DiffSim	EMPIRICAL	NZ_JH724079.1	2194529	2195029	129	35
DiffSim	EMPIRICAL	NZ_JH724079.1	2195031	2195531	21	18
DiffSim	EMPIRICAL	NZ_JH724079.1	2293742	2294242	114	28
DiffSim	EMPIRICAL	NZ_JH724079.1	2294253	2294753	18	12
DiffSim	EMPIRICAL	NZ_JH724079.1	2472749	2473249	155	33
DiffSim	EMPIRICAL	NZ_JH724079.1	2515591	2516091	138	35
DiffSim	EMPIRICAL	NZ_JH724079.1	2534325	2534825	152	31
DiffSim	EMPIRICAL	NZ_JH724079.1	2614934	2615434	137	34
DiffSim	EMPIRICAL	NZ_JH724079.1	2615442	2615942	22	19
DiffSim	EMPIRICAL	NZ_JH724079.1	2693424	2693924	139	36
DiffSim	EMPIRICAL	NZ_JH724079.1	2841183	2841683	144	32
DiffSim	EMPIRICAL	NZ_JH724079.1	2841692	2842192	14	14
DiffSim	EMPIRICAL	NZ_JH724079.1	2931085	2931585	135	32
DiffSim	EMPIRICAL	NZ_JH724079.1	3107435	3107935	135	32
DiffSim	EMPIRICAL	NZ_JH724079.1	3427333	3427833	139	33
DiffSim	EMPIRICAL	NZ_JH724079.1	3427842	3428342	18	17
DiffSim	EMPIRICAL	NZ_JH724079.1	3438829	3439329	132	34
DiffSim	EMPIRICAL	NZ_JH724079.1	3439330	3439830	31	27
DiffSim	EMPIRICAL	NZ_JH724079.1	3509756	3510256	137	33
DiffSim	EMPIRICAL	NZ_JH724079.1	3517283	3517783	16	5
DiffSim	EMPIRICAL	NZ_JH724079.1	3526515	3527015	164	36
DiffSim	EMPIRICAL	NZ_JH724079.1	3527019	3527519	18	18
DiffSim	EMPIRICAL	NZ_JH724079.1	3567889	3568389	137	29
DiffSim	EMPIRICAL	NZ_JH724079.1	3568392	3568892	32	27
DiffSim	EMPIRICAL	NZ_JH724079.1	3815529	3816029	152	32
DiffSim	EMPIRICAL	NZ_JH724079.1	3885703	3886203	127	39
DiffSim	EMPIRICAL	NZ_JH724079.1	3886206	3886706	36	24
DiffSim	EMPIRICAL	NZ_JH724079.1	3919515	3920015	110	27
DiffSim	EMPIRICAL	NZ_JH724080.1	93787	94287	152	37
DiffSim	EMPIRICAL	NZ_JH724080.1	210263	210763	33	29
DiffSim	EMPIRICAL	NZ_JH724080.1	234696	235196	23	19
DiffSim	EMPIRICAL	NZ_JH724080.1	295670	296170	19	16
DiffSim	EMPIRICAL	NZ_JH724080.1	390679	391179	29	22
DiffSim	EMPIRICAL	NZ_JH724081.1	23704	24204	124	32
DiffSim	EMPIRICAL	NZ_JH724081.1	209623	210123	127	33
DiffSim	EMPIRICAL	NZ_JH724081.1	330261	330761	136	29
DiffSim	EMPIRICAL	NZ_JH724081.1	429293	429793	117	28
DiffSim	EMPIRICAL	NZ_JH724082.1	26669	27169	152	36
DiffSim	EMPIRICAL	NZ_JH724082.1	34640	35140	18	18
DiffSim	BOOTSTRAP1	NZ_JH724079.1	117412	118412	283	67
DiffSim	BOOTSTRAP1	NZ_JH724079.1	130533	131446	284	62
DiffSim	BOOTSTRAP1	NZ_JH724079.1	435161	435661	13	13
DiffSim	BOOTSTRAP1	NZ_JH724079.1	491036	491976	251	68
DiffSim	BOOTSTRAP1	NZ_JH724079.1	935817	936317	257	67
DiffSim	BOOTSTRAP1	NZ_JH724079.1	1083887	1084387	276	68
DiffSim	BOOTSTRAP1	NZ_JH724079.1	1208134	1208641	284	72
DiffSim	BOOTSTRAP1	NZ_JH724079.1	1255341	1255841	96	30
DiffSim	BOOTSTRAP1	NZ_JH724079.1	1324954	1325454	224	52
DiffSim	BOOTSTRAP1	NZ_JH724079.1	1366425	1366925	305	78
DiffSim	BOOTSTRAP1	NZ_JH724079.1	1419141	1419641	302	64
DiffSim	BOOTSTRAP1	NZ_JH724079.1	1438935	1439436	76	69
DiffSim	BOOTSTRAP1	NZ_JH724079.1	1485553	1486053	286	80
DiffSim	BOOTSTRAP1	NZ_JH724079.1	1564741	1565241	193	40
DiffSim	BOOTSTRAP1	NZ_JH724079.1	1788568	1789068	255	73
DiffSim	BOOTSTRAP1	NZ_JH724079.1	1789069	1789569	74	62
DiffSim	BOOTSTRAP1	NZ_JH724079.1	1969285	1969785	279	78
DiffSim	BOOTSTRAP1	NZ_JH724079.1	1969786	1970286	49	47
DiffSim	BOOTSTRAP1	NZ_JH724079.1	1996344	1997344	247	56
DiffSim	BOOTSTRAP1	NZ_JH724079.1	2119697	2120197	135	35
DiffSim	BOOTSTRAP1	NZ_JH724079.1	2194529	2195029	122	29
DiffSim	BOOTSTRAP1	NZ_JH724079.1	2195031	2195531	21	19
DiffSim	BOOTSTRAP1	NZ_JH724079.1	2293742	2294242	122	35
DiffSim	BOOTSTRAP1	NZ_JH724079.1	2294253	2294753	17	11
DiffSim	BOOTSTRAP1	NZ_JH724079.1	2472749	2473249	178	41
DiffSim	BOOTSTRAP1	NZ_JH724079.1	2515591	2516091	111	32
DiffSim	BOOTSTRAP1	NZ_JH724079.1	2534325	2534825	160	35
DiffSim	BOOTSTRAP1	NZ_JH724079.1	2614934	2615434	119	29
DiffSim	BOOTSTRAP1	NZ_JH724079.1	2615442	2615942	20	16
DiffSim	BOOTSTRAP1	NZ_JH724079.1	2693424	2693924	140	39
DiffSim	BOOTSTRAP1	NZ_JH724079.1	2841183	2841683	159	40
DiffSim	BOOTSTRAP1	NZ_JH724079.1	2841692	2842192	13	13
DiffSim	BOOTSTRAP1	NZ_JH724079.1	2931085	2931585	138	35
DiffSim	BOOTSTRAP1	NZ_JH724079.1	3107435	3107935	140	40
DiffSim	BOOTSTRAP1	NZ_JH724079.1	3427333	3427833	143	34
DiffSim	BOOTSTRAP1	NZ_JH724079.1	3427842	3428342	17	17
DiffSim	BOOTSTRAP1	NZ_JH724079.1	3438829	3439329	134	32
DiffSim	BOOTSTRAP1	NZ_JH724079.1	3439330	3439830	37	35
DiffSim	BOOTSTRAP1	NZ_JH724079.1	3509756	3510256	137	37
DiffSim	BOOTSTRAP1	NZ_JH724079.1	3517283	3517783	21	10
DiffSim	BOOTSTRAP1	NZ_JH724079.1	3526515	3527015	161	40
DiffSim	BOOTSTRAP1	NZ_JH724079.1	3527019	3527519	12	12
DiffSim	BOOTSTRAP1	NZ_JH724079.1	3567889	3568389	143	39
DiffSim	BOOTSTRAP1	NZ_JH724079.1	3568392	3568892	35	30
DiffSim	BOOTSTRAP1	NZ_JH724079.1	3815529	3816029	148	39
DiffSim	BOOTSTRAP1	NZ_JH724079.1	3885703	3886203	124	38
DiffSim	BOOTSTRAP1	NZ_JH724079.1	3886206	3886706	38	28
DiffSim	BOOTSTRAP1	NZ_JH724079.1	3919515	3920015	115	32
DiffSim	BOOTSTRAP1	NZ_JH724080.1	93787	94287	146	40
DiffSim	BOOTSTRAP1	NZ_JH724080.1	210263	210763	30	26
DiffSim	BOOTSTRAP1	NZ_JH724080.1	234696	235196	22	19
DiffSim	BOOTSTRAP1	NZ_JH724080.1	295670	296170	25	20
DiffSim	BOOTSTRAP1	NZ_JH724080.1	390679	391179	34	27
DiffSim	BOOTSTRAP1	NZ_JH724081.1	23704	24204	122	31
DiffSim	BOOTSTRAP1	NZ_JH724081.1	209623	210123	125	34
DiffSim	BOOTSTRAP1	NZ_JH724081.1	330261	330761	122	31
DiffSim	BOOTSTRAP1	NZ_JH724081.1	429293	429793	107	30
DiffSim	BOOTSTRAP1	NZ_JH724082.1	26669	27169	169	43
DiffSim	BOOTSTRAP1	NZ_JH724082.1	34640	35140	20	20
DiffSim	BOOTSTRAP2	NZ_JH724079.1	117412	118412	300	59
DiffSim	BOOTSTRAP2	NZ_JH724079.1	130533	131446	291	62
DiffSim	BOOTSTRAP2	NZ_JH724079.1	435161	435661	15	13
DiffSim	BOOTSTRAP2	NZ_JH724079.1	491036	491976	273	64
DiffSim	BOOTSTRAP2	NZ_JH724079.1	935817	936317	259	63
DiffSim	BOOTSTRAP2	NZ_JH724079.1	1083887	1084387	253	66
DiffSim	BOOTSTRAP2	NZ_JH724079.1	1208134	1208641	265	62
DiffSim	BOOTSTRAP2	NZ_JH724079.1	1255341	1255841	94	28
DiffSim	BOOTSTRAP2	NZ_JH724079.1	1324954	1325454	239	52
DiffSim	BOOTSTRAP2	NZ_JH724079.1	1366425	1366925	297	68
DiffSim	BOOTSTRAP2	NZ_JH724079.1	1419141	1419641	309	75
DiffSim	BOOTSTRAP2	NZ_JH724079.1	1438935	1439436	59	53
DiffSim	BOOTSTRAP2	NZ_JH724079.1	1485553	1486053	287	72
DiffSim	BOOTSTRAP2	NZ_JH724079.1	1564741	1565241	271	63
DiffSim	BOOTSTRAP2	NZ_JH724079.1	1788568	1789068	252	57
DiffSim	BOOTSTRAP2	NZ_JH724079.1	1789069	1789569	81	66
DiffSim	BOOTSTRAP2	NZ_JH724079.1	1969285	1969785	259	63
DiffSim	BOOTSTRAP2	NZ_JH724079.1	1969786	1970286	51	48
DiffSim	BOOTSTRAP2	NZ_JH724079.1	1996344	1997344	249	55
DiffSim	BOOTSTRAP2	NZ_JH724079.1	2119697	2120197	123	27
DiffSim	BOOTSTRAP2	NZ_JH724079.1	2194529	2195029	129	35
DiffSim	BOOTSTRAP2	NZ_JH724079.1	2195031	2195531	23	21
DiffSim	BOOTSTRAP2	NZ_JH724079.1	2293742	2294242	124	36
DiffSim	BOOTSTRAP2	NZ_JH724079.1	2294253	2294753	21	17
DiffSim	BOOTSTRAP2	NZ_JH724079.1	2472749	2473249	155	38
DiffSim	BOOTSTRAP2	NZ_JH724079.1	2515591	2516091	134	34
DiffSim	BOOTSTRAP2	NZ_JH724079.1	2534325	2534825	148	39
DiffSim	BOOTSTRAP2	NZ_JH724079.1	2614934	2615434	137	37
DiffSim	BOOTSTRAP2	NZ_JH724079.1	2615442	2615942	25	22
DiffSim	BOOTSTRAP2	NZ_JH724079.1	2693424	2693924	144	40
DiffSim	BOOTSTRAP2	NZ_JH724079.1	2841183	2841683	140	36
DiffSim	BOOTSTRAP2	NZ_JH724079.1	2841692	2842192	13	13
DiffSim	BOOTSTRAP2	NZ_JH724079.1	2931085	2931585	113	27
DiffSim	BOOTSTRAP2	NZ_JH724079.1	3107435	3107935	143	34
DiffSim	BOOTSTRAP2	NZ_JH724079.1	3427333	3427833	139	39
DiffSim	BOOTSTRAP2	NZ_JH724079.1	3427842	3428342	19	16
DiffSim	BOOTSTRAP2	NZ_JH724079.1	3438829	3439329	133	38
DiffSim	BOOTSTRAP2	NZ_JH724079.1	3439330	3439830	28	24
DiffSim	BOOTSTRAP2	NZ_JH724079.1	3509756	3510256	138	35
DiffSim	BOOTSTRAP2	NZ_JH724079.1	3517283	3517783	15	7
DiffSim	BOOTSTRAP2	NZ_JH724079.1	3526515	3527015	165	40
DiffSim	BOOTSTRAP2	NZ_JH724079.1	3527019	3527519	16	16
DiffSim	BOOTSTRAP2	NZ_JH724079.1	3567889	3568389	139	37
DiffSim	BOOTSTRAP2	NZ_JH724079.1	3568392	3568892	26	24
DiffSim	BOOTSTRAP2	NZ_JH724079.1	3815529	3816029	150	31
DiffSim	BOOTSTRAP2	NZ_JH724079.1	3885703	3886203	145	47
DiffSim	BOOTSTRAP2	NZ_JH724079.1	3886206	3886706	48	33
DiffSim	BOOTSTRAP2	NZ_JH724079.1	3919515	3920015	109	31
DiffSim	BOOTSTRAP2	NZ_JH724080.1	93787	94287	154	43
DiffSim	BOOTSTRAP2	NZ_JH724080.1	210263	210763	36	31
DiffSim	BOOTSTRAP2	NZ_JH724080.1	234696	235196	26	21
DiffSim	BOOTSTRAP2	NZ_JH724080.1	295670	296170	17	13
DiffSim	BOOTSTRAP2	NZ_JH724080.1	390679	391179	22	16
DiffSim	BOOTSTRAP2	NZ_JH724081.1	23704	24204	125	37
DiffSim	BOOTSTRAP2	NZ_JH724081.1	209623	210123	118	33
DiffSim	BOOTSTRAP2	NZ_JH724081.1	330261	330761	131	29
DiffSim	BOOTSTRAP2	NZ_JH724081.1	429293	429793	125	34
DiffSim	BOOTSTRAP2	NZ_JH724082.1	26669	27169	155	36
DiffSim	BOOTSTRAP2	NZ_JH724082.1	34640	35140	23	23
DiffSim	BOOTSTRAP3	NZ_JH724079.1	117412	118412	250	56
DiffSim	BOOTSTRAP3	NZ_JH724079.1	130533	131446	287	60
DiffSim	BOOTSTRAP3	NZ_JH724079.1	435161	435661	11	9
DiffSim	BOOTSTRAP3	NZ_JH724079.1	491036	491976	277	59
DiffSim	BOOTSTRAP3	NZ_JH724079.1	935817	936317	236	61
DiffSim	BOOTSTRAP3	NZ_JH724079.1	1083887	1084387	252	59
DiffSim	BOOTSTRAP3	NZ_JH724079.1	1208134	1208641	296	68
DiffSim	BOOTSTRAP3	NZ_JH724079.1	1255341	1255841	103	28
DiffSim	BOOTSTRAP3	NZ_JH724079.1	1324954	1325454	255	77
DiffSim	BOOTSTRAP3	NZ_JH724079.1	1366425	1366925	278	61
DiffSim	BOOTSTRAP3	NZ_JH724079.1	1419141	1419641	265	68
DiffSim	BOOTSTRAP3	NZ_JH724079.1	1438935	1439436	85	80
DiffSim	BOOTSTRAP3	NZ_JH724079.1	1485553	1486053	282	70
DiffSim	BOOTSTRAP3	NZ_JH724079.1	1564741	1565241	261	59
DiffSim	BOOTSTRAP3	NZ_JH724079.1	1788568	1789068	241	58
DiffSim	BOOTSTRAP3	NZ_JH724079.1	1789069	1789569	82	58
DiffSim	BOOTSTRAP3	NZ_JH724079.1	1969285	1969785	262	62
DiffSim	BOOTSTRAP3	NZ_JH724079.1	1969786	1970286	59	52
DiffSim	BOOTSTRAP3	NZ_JH724079.1	1996344	1997344	251	66
DiffSim	BOOTSTRAP3	NZ_JH724079.1	2119697	2120197	130	29
DiffSim	BOOTSTRAP3	NZ_JH724079.1	2194529	2195029	115	37
DiffSim	BOOTSTRAP3	NZ_JH724079.1	2195031	2195531	13	10
DiffSim	BOOTSTRAP3	NZ_JH724079.1	2293742	2294242	136	34
DiffSim	BOOTSTRAP3	NZ_JH724079.1	2294253	2294753	14	12
DiffSim	BOOTSTRAP3	NZ_JH724079.1	2472749	2473249	158	37
DiffSim	BOOTSTRAP3	NZ_JH724079.1	2515591	2516091	141	38
DiffSim	BOOTSTRAP3	NZ_JH724079.1	2534325	2534825	153	32
DiffSim	BOOTSTRAP3	NZ_JH724079.1	2614934	2615434	147	42
DiffSim	BOOTSTRAP3	NZ_JH724079.1	2615442	2615942	12	11
DiffSim	BOOTSTRAP3	NZ_JH724079.1	2693424	2693924	150	41
DiffSim	BOOTSTRAP3	NZ_JH724079.1	2841183	2841683	141	39
DiffSim	BOOTSTRAP3	NZ_JH724079.1	2841692	2842192	12	12
DiffSim	BOOTSTRAP3	NZ_JH724079.1	2931085	2931585	132	33
DiffSim	BOOTSTRAP3	NZ_JH724079.1	3107435	3107935	156	40
DiffSim	BOOTSTRAP3	NZ_JH724079.1	3427333	3427833	153	41
DiffSim	BOOTSTRAP3	NZ_JH724079.1	3427842	3428342	23	22
DiffSim	BOOTSTRAP3	NZ_JH724079.1	3438829	3439329	144	36
DiffSim	BOOTSTRAP3	NZ_JH724079.1	3439330	3439830	39	34
DiffSim	BOOTSTRAP3	NZ_JH724079.1	3509756	3510256	147	35
DiffSim	BOOTSTRAP3	NZ_JH724079.1	3517283	3517783	21	8
DiffSim	BOOTSTRAP3	NZ_JH724079.1	3526515	3527015	150	39
DiffSim	BOOTSTRAP3	NZ_JH724079.1	3527019	3527519	17	17
DiffSim	BOOTSTRAP3	NZ_JH724079.1	3567889	3568389	139	34
DiffSim	BOOTSTRAP3	NZ_JH724079.1	3568392	3568892	30	26
DiffSim	BOOTSTRAP3	NZ_JH724079.1	3815529	3816029	159	38
DiffSim	BOOTSTRAP3	NZ_JH724079.1	3885703	3886203	126	46
DiffSim	BOOTSTRAP3	NZ_JH724079.1	3886206	3886706	36	26
DiffSim	BOOTSTRAP3	NZ_JH724079.1	3919515	3920015	126	37
DiffSim	BOOTSTRAP3	NZ_JH724080.1	93787	94287	153	38
DiffSim	BOOTSTRAP3	NZ_JH724080.1	210263	210763	34	30
DiffSim	BOOTSTRAP3	NZ_JH724080.1	234696	235196	25	23
DiffSim	BOOTSTRAP3	NZ_JH724080.1	295670	296170	13	11
DiffSim	BOOTSTRAP3	NZ_JH724080.1	390679	391179	25	22
DiffSim	BOOTSTRAP3	NZ_JH724081.1	23704	24204	119	36
DiffSim	BOOTSTRAP3	NZ_JH724081.1	209623	210123	118	38
DiffSim	BOOTSTRAP3	NZ_JH724081.1	330261	330761	113	27
DiffSim	BOOTSTRAP3	NZ_JH724081.1	429293	429793	113	31
DiffSim	BOOTSTRAP3	NZ_JH724082.1	26669	27169	158	37
DiffSim	BOOTSTRAP3	NZ_JH724082.1	34640	35140	13	13
DiffSim	BOOTSTRAP4	NZ_JH724079.1	117412	118412	259	61
DiffSim	BOOTSTRAP4	NZ_JH724079.1	130533	131446	261	60
DiffSim	BOOTSTRAP4	NZ_JH724079.1	435161	435661	17	17
DiffSim	BOOTSTRAP4	NZ_JH724079.1	491036	491976	295	68
DiffSim	BOOTSTRAP4	NZ_JH724079.1	935817	936317	253	64
DiffSim	BOOTSTRAP4	NZ_JH724079.1	1083887	1084387	288	67
DiffSim	BOOTSTRAP4	NZ_JH724079.1	1208134	1208641	306	74
DiffSim	BOOTSTRAP4	NZ_JH724079.1	1255341	1255841	108	31
DiffSim	BOOTSTRAP4	NZ_JH724079.1	1324954	1325454	242	54
DiffSim	BOOTSTRAP4	NZ_JH724079.1	1366425	1366925	289	70
DiffSim	BOOTSTRAP4	NZ_JH724079.1	1419141	1419641	327	62
DiffSim	BOOTSTRAP4	NZ_JH724079.1	1438935	1439436	59	56
DiffSim	BOOTSTRAP4	NZ_JH724079.1	1485553	1486053	250	75
DiffSim	BOOTSTRAP4	NZ_JH724079.1	1564741	1565241	221	52
DiffSim	BOOTSTRAP4	NZ_JH724079.1	1788568	1789068	235	56
DiffSim	BOOTSTRAP4	NZ_JH724079.1	1789069	1789569	59	45
DiffSim	BOOTSTRAP4	NZ_JH724079.1	1969285	1969785	230	58
DiffSim	BOOTSTRAP4	NZ_JH724079.1	1969786	1970286	41	35
DiffSim	BOOTSTRAP4	NZ_JH724079.1	1996344	1997344	258	71
DiffSim	BOOTSTRAP4	NZ_JH724079.1	2119697	2120197	136	36
DiffSim	BOOTSTRAP4	NZ_JH724079.1	2194529	2195029	122	39
DiffSim	BOOTSTRAP4	NZ_JH724079.1	2195031	2195531	23	19
DiffSim	BOOTSTRAP4	NZ_JH724079.1	2293742	2294242	104	29
DiffSim	BOOTSTRAP4	NZ_JH724079.1	2294253	2294753	16	14
DiffSim	BOOTSTRAP4	NZ_JH724079.1	2472749	2473249	166	36
DiffSim	BOOTSTRAP4	NZ_JH724079.1	2515591	2516091	135	34
DiffSim	BOOTSTRAP4	NZ_JH724079.1	2534325	2534825	154	33
DiffSim	BOOTSTRAP4	NZ_JH724079.1	2614934	2615434	135	40
DiffSim	BOOTSTRAP4	NZ_JH724079.1	2615442	2615942	18	16
DiffSim	BOOTSTRAP4	NZ_JH724079.1	2693424	2693924	127	30
DiffSim	BOOTSTRAP4	NZ_JH724079.1	2841183	2841683	138	34
DiffSim	BOOTSTRAP4	NZ_JH724079.1	2841692	2842192	16	16
DiffSim	BOOTSTRAP4	NZ_JH724079.1	2931085	2931585	138	33
DiffSim	BOOTSTRAP4	NZ_JH724079.1	3107435	3107935	149	40
DiffSim	BOOTSTRAP4	NZ_JH724079.1	3427333	3427833	144	37
DiffSim	BOOTSTRAP4	NZ_JH724079.1	3427842	3428342	12	12
DiffSim	BOOTSTRAP4	NZ_JH724079.1	3438829	3439329	125	34
DiffSim	BOOTSTRAP4	NZ_JH724079.1	3439330	3439830	26	23
DiffSim	BOOTSTRAP4	NZ_JH724079.1	3509756	3510256	144	45
DiffSim	BOOTSTRAP4	NZ_JH724079.1	3517283	3517783	24	12
DiffSim	BOOTSTRAP4	NZ_JH724079.1	3526515	3527015	137	31
DiffSim	BOOTSTRAP4	NZ_JH724079.1	3527019	3527519	11	11
DiffSim	BOOTSTRAP4	NZ_JH724079.1	3567889	3568389	122	31
DiffSim	BOOTSTRAP4	NZ_JH724079.1	3568392	3568892	22	20
DiffSim	BOOTSTRAP4	NZ_JH724079.1	3815529	3816029	153	32
DiffSim	BOOTSTRAP4	NZ_JH724079.1	3885703	3886203	111	44
DiffSim	BOOTSTRAP4	NZ_JH724079.1	3886206	3886706	38	31
DiffSim	BOOTSTRAP4	NZ_JH724079.1	3919515	3920015	106	29
DiffSim	BOOTSTRAP4	NZ_JH724080.1	93787	94287	179	44
DiffSim	BOOTSTRAP4	NZ_JH724080.1	210263	210763	35	32
DiffSim	BOOTSTRAP4	NZ_JH724080.1	234696	235196	15	12
DiffSim	BOOTSTRAP4	NZ_JH724080.1	295670	296170	16	13
DiffSim	BOOTSTRAP4	NZ_JH724080.1	390679	391179	33	28
DiffSim	BOOTSTRAP4	NZ_JH724081.1	23704	24204	146	39
DiffSim	BOOTSTRAP4	NZ_JH724081.1	209623	210123	152	44
DiffSim	BOOTSTRAP4	NZ_JH724081.1	330261	330761	156	35
DiffSim	BOOTSTRAP4	NZ_JH724081.1	429293	429793	117	30
DiffSim	BOOTSTRAP4	NZ_JH724082.1	26669	27169	162	40
DiffSim	BOOTSTRAP4	NZ_JH724082.1	34640	35140	18	18
DiffSim	BOOTSTRAP5	NZ_JH724079.1	117412	118412	266	66
DiffSim	BOOTSTRAP5	NZ_JH724079.1	130533	131446	281	69
DiffSim	BOOTSTRAP5	NZ_JH724079.1	435161	435661	17	15
DiffSim	BOOTSTRAP5	NZ_JH724079.1	491036	491976	259	66
DiffSim	BOOTSTRAP5	NZ_JH724079.1	935817	936317	260	60
DiffSim	BOOTSTRAP5	NZ_JH724079.1	1083887	1084387	276	63
DiffSim	BOOTSTRAP5	NZ_JH724079.1	1208134	1208641	276	71
DiffSim	BOOTSTRAP5	NZ_JH724079.1	1255341	1255841	89	25
DiffSim	BOOTSTRAP5	NZ_JH724079.1	1324954	1325454	224	54
DiffSim	BOOTSTRAP5	NZ_JH724079.1	1366425	1366925	300	79
DiffSim	BOOTSTRAP5	NZ_JH724079.1	1419141	1419641	297	60
DiffSim	BOOTSTRAP5	NZ_JH724079.1	1438935	1439436	60	58
DiffSim	BOOTSTRAP5	NZ_JH724079.1	1485553	1486053	282	64
DiffSim	BOOTSTRAP5	NZ_JH724079.1	1564741	1565241	283	65
DiffSim	BOOTSTRAP5	NZ_JH724079.1	1788568	1789068	244	63
DiffSim	BOOTSTRAP5	NZ_JH724079.1	1789069	1789569	61	42
DiffSim	BOOTSTRAP5	NZ_JH724079.1	1969285	1969785	268	61
DiffSim	BOOTSTRAP5	NZ_JH724079.1	1969786	1970286	58	52
DiffSim	BOOTSTRAP5	NZ_JH724079.1	1996344	1997344	234	56
DiffSim	BOOTSTRAP5	NZ_JH724079.1	2119697	2120197	111	26
DiffSim	BOOTSTRAP5	NZ_JH724079.1	2194529	2195029	121	33
DiffSim	BOOTSTRAP5	NZ_JH724079.1	2195031	2195531	21	16
DiffSim	BOOTSTRAP5	NZ_JH724079.1	2293742	2294242	111	30
DiffSim	BOOTSTRAP5	NZ_JH724079.1	2294253	2294753	27	19
DiffSim	BOOTSTRAP5	NZ_JH724079.1	2472749	2473249	179	41
DiffSim	BOOTSTRAP5	NZ_JH724079.1	2515591	2516091	152	62
DiffSim	BOOTSTRAP5	NZ_JH724079.1	2534325	2534825	164	35
DiffSim	BOOTSTRAP5	NZ_JH724079.1	2614934	2615434	131	39
DiffSim	BOOTSTRAP5	NZ_JH724079.1	2615442	2615942	25	20
DiffSim	BOOTSTRAP5	NZ_JH724079.1	2693424	2693924	140	37
DiffSim	BOOTSTRAP5	NZ_JH724079.1	2841183	2841683	141	37
DiffSim	BOOTSTRAP5	NZ_JH724079.1	2841692	2842192	17	17
DiffSim	BOOTSTRAP5	NZ_JH724079.1	2931085	2931585	133	34
DiffSim	BOOTSTRAP5	NZ_JH724079.1	3107435	3107935	137	33
DiffSim	BOOTSTRAP5	NZ_JH724079.1	3427333	3427833	141	40
DiffSim	BOOTSTRAP5	NZ_JH724079.1	3427842	3428342	13	12
DiffSim	BOOTSTRAP5	NZ_JH724079.1	3438829	3439329	110	36
DiffSim	BOOTSTRAP5	NZ_JH724079.1	3439330	3439830	21	20
DiffSim	BOOTSTRAP5	NZ_JH724079.1	3509756	3510256	155	46
DiffSim	BOOTSTRAP5	NZ_JH724079.1	3517283	3517783	11	4
DiffSim	BOOTSTRAP5	NZ_JH724079.1	3526515	3527015	162	36
DiffSim	BOOTSTRAP5	NZ_JH724079.1	3527019	3527519	22	22
DiffSim	BOOTSTRAP5	NZ_JH724079.1	3567889	3568389	133	32
DiffSim	BOOTSTRAP5	NZ_JH724079.1	3568392	3568892	33	27
DiffSim	BOOTSTRAP5	NZ_JH724079.1	3815529	3816029	147	33
DiffSim	BOOTSTRAP5	NZ_JH724079.1	3885703	3886203	104	32
DiffSim	BOOTSTRAP5	NZ_JH724079.1	3886206	3886706	25	22
DiffSim	BOOTSTRAP5	NZ_JH724079.1	3919515	3920015	128	34
DiffSim	BOOTSTRAP5	NZ_JH724080.1	93787	94287	143	34
DiffSim	BOOTSTRAP5	NZ_JH724080.1	210263	210763	38	33
DiffSim	BOOTSTRAP5	NZ_JH724080.1	234696	235196	20	19
DiffSim	BOOTSTRAP5	NZ_JH724080.1	295670	296170	22	19
DiffSim	BOOTSTRAP5	NZ_JH724080.1	390679	391179	37	24
DiffSim	BOOTSTRAP5	NZ_JH724081.1	23704	24204	126	32
DiffSim	BOOTSTRAP5	NZ_JH724081.1	209623	210123	148	40
DiffSim	BOOTSTRAP5	NZ_JH724081.1	330261	330761	125	29
DiffSim	BOOTSTRAP5	NZ_JH724081.1	429293	429793	115	35
DiffSim	BOOTSTRAP5	NZ_JH724082.1	26669	27169	160	39
DiffSim	BOOTSTRAP5	NZ_JH724082.1	34640	35140	19	19
DiffSim	BOOTSTRAP6	NZ_JH724079.1	117412	118412	271	58
DiffSim	BOOTSTRAP6	NZ_JH724079.1	130533	131446	305	68
DiffSim	BOOTSTRAP6	NZ_JH724079.1	435161	435661	18	14
DiffSim	BOOTSTRAP6	NZ_JH724079.1	491036	491976	290	76
DiffSim	BOOTSTRAP6	NZ_JH724079.1	935817	936317	260	71
DiffSim	BOOTSTRAP6	NZ_JH724079.1	1083887	1084387	263	55
DiffSim	BOOTSTRAP6	NZ_JH724079.1	1208134	1208641	282	71
DiffSim	BOOTSTRAP6	NZ_JH724079.1	1255341	1255841	90	23
DiffSim	BOOTSTRAP6	NZ_JH724079.1	1324954	1325454	225	55
DiffSim	BOOTSTRAP6	NZ_JH724079.1	1366425	1366925	302	83
DiffSim	BOOTSTRAP6	NZ_JH724079.1	1419141	1419641	310	72
DiffSim	BOOTSTRAP6	NZ_JH724079.1	1438935	1439436	73	71
DiffSim	BOOTSTRAP6	NZ_JH724079.1	1485553	1486053	223	56
DiffSim	BOOTSTRAP6	NZ_JH724079.1	1564741	1565241	244	51
DiffSim	BOOTSTRAP6	NZ_JH724079.1	1788568	1789068	241	66
DiffSim	BOOTSTRAP6	NZ_JH724079.1	1789069	1789569	63	46
DiffSim	BOOTSTRAP6	NZ_JH724079.1	1969285	1969785	285	80
DiffSim	BOOTSTRAP6	NZ_JH724079.1	1969786	1970286	50	49
DiffSim	BOOTSTRAP6	NZ_JH724079.1	1996344	1997344	218	52
DiffSim	BOOTSTRAP6	NZ_JH724079.1	2119697	2120197	112	30
DiffSim	BOOTSTRAP6	NZ_JH724079.1	2194529	2195029	140	40
DiffSim	BOOTSTRAP6	NZ_JH724079.1	2195031	2195531	19	18
DiffSim	BOOTSTRAP6	NZ_JH724079.1	2293742	2294242	122	34
DiffSim	BOOTSTRAP6	NZ_JH724079.1	2294253	2294753	15	13
DiffSim	BOOTSTRAP6	NZ_JH724079.1	2472749	2473249	164	43
DiffSim	BOOTSTRAP6	NZ_JH724079.1	2515591	2516091	130	36
DiffSim	BOOTSTRAP6	NZ_JH724079.1	2534325	2534825	162	34
DiffSim	BOOTSTRAP6	NZ_JH724079.1	2614934	2615434	139	42
DiffSim	BOOTSTRAP6	NZ_JH724079.1	2615442	2615942	14	14
DiffSim	BOOTSTRAP6	NZ_JH724079.1	2693424	2693924	146	39
DiffSim	BOOTSTRAP6	NZ_JH724079.1	2841183	2841683	152	41
DiffSim	BOOTSTRAP6	NZ_JH724079.1	2841692	2842192	18	18
DiffSim	BOOTSTRAP6	NZ_JH724079.1	2931085	2931585	120	36
DiffSim	BOOTSTRAP6	NZ_JH724079.1	3107435	3107935	153	35
DiffSim	BOOTSTRAP6	NZ_JH724079.1	3427333	3427833	151	41
DiffSim	BOOTSTRAP6	NZ_JH724079.1	3427842	3428342	17	16
DiffSim	BOOTSTRAP6	NZ_JH724079.1	3438829	3439329	125	38
DiffSim	BOOTSTRAP6	NZ_JH724079.1	3439330	3439830	33	29
DiffSim	BOOTSTRAP6	NZ_JH724079.1	3509756	3510256	112	33
DiffSim	BOOTSTRAP6	NZ_JH724079.1	3517283	3517783	14	5
DiffSim	BOOTSTRAP6	NZ_JH724079.1	3526515	3527015	178	43
DiffSim	BOOTSTRAP6	NZ_JH724079.1	3527019	3527519	21	21
DiffSim	BOOTSTRAP6	NZ_JH724079.1	3567889	3568389	132	29
DiffSim	BOOTSTRAP6	NZ_JH724079.1	3568392	3568892	28	23
DiffSim	BOOTSTRAP6	NZ_JH724079.1	3815529	3816029	170	40
DiffSim	BOOTSTRAP6	NZ_JH724079.1	3885703	3886203	131	44
DiffSim	BOOTSTRAP6	NZ_JH724079.1	3886206	3886706	36	27
DiffSim	BOOTSTRAP6	NZ_JH724079.1	3919515	3920015	104	29
DiffSim	BOOTSTRAP6	NZ_JH724080.1	93787	94287	145	39
DiffSim	BOOTSTRAP6	NZ_JH724080.1	210263	210763	39	34
DiffSim	BOOTSTRAP6	NZ_JH724080.1	234696	235196	28	24
DiffSim	BOOTSTRAP6	NZ_JH724080.1	295670	296170	23	19
DiffSim	BOOTSTRAP6	NZ_JH724080.1	390679	391179	37	29
DiffSim	BOOTSTRAP6	NZ_JH724081.1	23704	24204	117	34
DiffSim	BOOTSTRAP6	NZ_JH724081.1	209623	210123	139	45
DiffSim	BOOTSTRAP6	NZ_JH724081.1	330261	330761	126	31
DiffSim	BOOTSTRAP6	NZ_JH724081.1	429293	429793	111	27
DiffSim	BOOTSTRAP6	NZ_JH724082.1	26669	27169	148	34
DiffSim	BOOTSTRAP6	NZ_JH724082.1	34640	35140	10	10
DiffSim	BOOTSTRAP7	NZ_JH724079.1	117412	118412	288	66
DiffSim	BOOTSTRAP7	NZ_JH724079.1	130533	131446	279	66
DiffSim	BOOTSTRAP7	NZ_JH724079.1	435161	435661	14	14
DiffSim	BOOTSTRAP7	NZ_JH724079.1	491036	491976	267	66
DiffSim	BOOTSTRAP7	NZ_JH724079.1	935817	936317	274	64
DiffSim	BOOTSTRAP7	NZ_JH724079.1	1083887	1084387	242	58
DiffSim	BOOTSTRAP7	NZ_JH724079.1	1208134	1208641	283	68
DiffSim	BOOTSTRAP7	NZ_JH724079.1	1255341	1255841	104	25
DiffSim	BOOTSTRAP7	NZ_JH724079.1	1324954	1325454	240	58
DiffSim	BOOTSTRAP7	NZ_JH724079.1	1366425	1366925	316	72
DiffSim	BOOTSTRAP7	NZ_JH724079.1	1419141	1419641	306	65
DiffSim	BOOTSTRAP7	NZ_JH724079.1	1438935	1439436	60	58
DiffSim	BOOTSTRAP7	NZ_JH724079.1	1485553	1486053	252	82
DiffSim	BOOTSTRAP7	NZ_JH724079.1	1564741	1565241	256	62
DiffSim	BOOTSTRAP7	NZ_JH724079.1	1788568	1789068	255	58
DiffSim	BOOTSTRAP7	NZ_JH724079.1	1789069	1789569	61	50
DiffSim	BOOTSTRAP7	NZ_JH724079.1	1969285	1969785	270	76
DiffSim	BOOTSTRAP7	NZ_JH724079.1	1969786	1970286	41	34
DiffSim	BOOTSTRAP7	NZ_JH724079.1	1996344	1997344	239	55
DiffSim	BOOTSTRAP7	NZ_JH724079.1	2119697	2120197	121	29
DiffSim	BOOTSTRAP7	NZ_JH724079.1	2194529	2195029	149	35
DiffSim	BOOTSTRAP7	NZ_JH724079.1	2195031	2195531	29	28
DiffSim	BOOTSTRAP7	NZ_JH724079.1	2293742	2294242	127	46
DiffSim	BOOTSTRAP7	NZ_JH724079.1	2294253	2294753	24	18
DiffSim	BOOTSTRAP7	NZ_JH724079.1	2472749	2473249	148	39
DiffSim	BOOTSTRAP7	NZ_JH724079.1	2515591	2516091	138	33
DiffSim	BOOTSTRAP7	NZ_JH724079.1	2534325	2534825	136	34
DiffSim	BOOTSTRAP7	NZ_JH724079.1	2614934	2615434	142	33
DiffSim	BOOTSTRAP7	NZ_JH724079.1	2615442	2615942	25	20
DiffSim	BOOTSTRAP7	NZ_JH724079.1	2693424	2693924	145	41
DiffSim	BOOTSTRAP7	NZ_JH724079.1	2841183	2841683	124	26
DiffSim	BOOTSTRAP7	NZ_JH724079.1	2841692	2842192	14	14
DiffSim	BOOTSTRAP7	NZ_JH724079.1	2931085	2931585	111	29
DiffSim	BOOTSTRAP7	NZ_JH724079.1	3107435	3107935	139	32
DiffSim	BOOTSTRAP7	NZ_JH724079.1	3427333	3427833	133	36
DiffSim	BOOTSTRAP7	NZ_JH724079.1	3427842	3428342	22	21
DiffSim	BOOTSTRAP7	NZ_JH724079.1	3438829	3439329	136	33
DiffSim	BOOTSTRAP7	NZ_JH724079.1	3439330	3439830	28	23
DiffSim	BOOTSTRAP7	NZ_JH724079.1	3509756	3510256	134	42
DiffSim	BOOTSTRAP7	NZ_JH724079.1	3517283	3517783	16	7
DiffSim	BOOTSTRAP7	NZ_JH724079.1	3526515	3527015	166	38
DiffSim	BOOTSTRAP7	NZ_JH724079.1	3527019	3527519	14	14
DiffSim	BOOTSTRAP7	NZ_JH724079.1	3567889	3568389	147	38
DiffSim	BOOTSTRAP7	NZ_JH724079.1	3568392	3568892	38	36
DiffSim	BOOTSTRAP7	NZ_JH724079.1	3815529	3816029	152	36
DiffSim	BOOTSTRAP7	NZ_JH724079.1	3885703	3886203	113	34
DiffSim	BOOTSTRAP7	NZ_JH724079.1	3886206	3886706	42	30
DiffSim	BOOTSTRAP7	NZ_JH724079.1	3919515	3920015	109	29
DiffSim	BOOTSTRAP7	NZ_JH724080.1	93787	94287	143	39
DiffSim	BOOTSTRAP7	NZ_JH724080.1	210263	210763	28	22
DiffSim	BOOTSTRAP7	NZ_JH724080.1	234696	235196	34	31
DiffSim	BOOTSTRAP7	NZ_JH724080.1	295670	296170	23	17
DiffSim	BOOTSTRAP7	NZ_JH724080.1	390679	391179	32	24
DiffSim	BOOTSTRAP7	NZ_JH724081.1	23704	24204	124	28
DiffSim	BOOTSTRAP7	NZ_JH724081.1	209623	210123	115	27
DiffSim	BOOTSTRAP7	NZ_JH724081.1	330261	330761	112	34
DiffSim	BOOTSTRAP7	NZ_JH724081.1	429293	429793	126	32
DiffSim	BOOTSTRAP7	NZ_JH724082.1	26669	27169	155	43
DiffSim	BOOTSTRAP7	NZ_JH724082.1	34640	35140	17	17
DiffSim	BOOTSTRAP8	NZ_JH724079.1	117412	118412	266	56
DiffSim	BOOTSTRAP8	NZ_JH724079.1	130533	131446	272	63
DiffSim	BOOTSTRAP8	NZ_JH724079.1	435161	435661	16	14
DiffSim	BOOTSTRAP8	NZ_JH724079.1	491036	491976	288	63
DiffSim	BOOTSTRAP8	NZ_JH724079.1	935817	936317	275	70
DiffSim	BOOTSTRAP8	NZ_JH724079.1	1083887	1084387	278	63
DiffSim	BOOTSTRAP8	NZ_JH724079.1	1208134	1208641	264	62
DiffSim	BOOTSTRAP8	NZ_JH724079.1	1255341	1255841	95	28
DiffSim	BOOTSTRAP8	NZ_JH724079.1	1324954	1325454	241	53
DiffSim	BOOTSTRAP8	NZ_JH724079.1	1366425	1366925	296	63
DiffSim	BOOTSTRAP8	NZ_JH724079.1	1419141	1419641	297	68
DiffSim	BOOTSTRAP8	NZ_JH724079.1	1438935	1439436	76	73
DiffSim	BOOTSTRAP8	NZ_JH724079.1	1485553	1486053	232	74
DiffSim	BOOTSTRAP8	NZ_JH724079.1	1564741	1565241	229	63
DiffSim	BOOTSTRAP8	NZ_JH724079.1	1788568	1789068	242	71
DiffSim	BOOTSTRAP8	NZ_JH724079.1	1789069	1789569	63	49
DiffSim	BOOTSTRAP8	NZ_JH724079.1	1969285	1969785	257	71
DiffSim	BOOTSTRAP8	NZ_JH724079.1	1969786	1970286	41	35
DiffSim	BOOTSTRAP8	NZ_JH724079.1	1996344	1997344	241	64
DiffSim	BOOTSTRAP8	NZ_JH724079.1	2119697	2120197	113	32
DiffSim	BOOTSTRAP8	NZ_JH724079.1	2194529	2195029	119	39
DiffSim	BOOTSTRAP8	NZ_JH724079.1	2195031	2195531	22	20
DiffSim	BOOTSTRAP8	NZ_JH724079.1	2293742	2294242	141	39
DiffSim	BOOTSTRAP8	NZ_JH724079.1	2294253	2294753	12	10
DiffSim	BOOTSTRAP8	NZ_JH724079.1	2472749	2473249	155	37
DiffSim	BOOTSTRAP8	NZ_JH724079.1	2515591	2516091	161	46
DiffSim	BOOTSTRAP8	NZ_JH724079.1	2534325	2534825	142	33
DiffSim	BOOTSTRAP8	NZ_JH724079.1	2614934	2615434	148	37
DiffSim	BOOTSTRAP8	NZ_JH724079.1	2615442	2615942	20	18
DiffSim	BOOTSTRAP8	NZ_JH724079.1	2693424	2693924	149	40
DiffSim	BOOTSTRAP8	NZ_JH724079.1	2841183	2841683	144	39
DiffSim	BOOTSTRAP8	NZ_JH724079.1	2841692	2842192	14	14
DiffSim	BOOTSTRAP8	NZ_JH724079.1	2931085	2931585	130	41
DiffSim	BOOTSTRAP8	NZ_JH724079.1	3107435	3107935	139	38
DiffSim	BOOTSTRAP8	NZ_JH724079.1	3427333	3427833	128	32
DiffSim	BOOTSTRAP8	NZ_JH724079.1	3427842	3428342	20	19
DiffSim	BOOTSTRAP8	NZ_JH724079.1	3438829	3439329	135	32
DiffSim	BOOTSTRAP8	NZ_JH724079.1	3439330	3439830	30	27
DiffSim	BOOTSTRAP8	NZ_JH724079.1	3509756	3510256	138	34
DiffSim	BOOTSTRAP8	NZ_JH724079.1	3517283	3517783	6	3
DiffSim	BOOTSTRAP8	NZ_JH724079.1	3526515	3527015	179	42
DiffSim	BOOTSTRAP8	NZ_JH724079.1	3527019	3527519	20	20
DiffSim	BOOTSTRAP8	NZ_JH724079.1	3567889	3568389	127	33
DiffSim	BOOTSTRAP8	NZ_JH724079.1	3568392	3568892	24	21
DiffSim	BOOTSTRAP8	NZ_JH724079.1	3815529	3816029	182	42
DiffSim	BOOTSTRAP8	NZ_JH724079.1	3885703	3886203	153	41
DiffSim	BOOTSTRAP8	NZ_JH724079.1	3886206	3886706	45	35
DiffSim	BOOTSTRAP8	NZ_JH724079.1	3919515	3920015	108	27
DiffSim	BOOTSTRAP8	NZ_JH724080.1	93787	94287	164	37
DiffSim	BOOTSTRAP8	NZ_JH724080.1	210263	210763	27	27
DiffSim	BOOTSTRAP8	NZ_JH724080.1	234696	235196	26	19
DiffSim	BOOTSTRAP8	NZ_JH724080.1	295670	296170	12	11
DiffSim	BOOTSTRAP8	NZ_JH724080.1	390679	391179	23	14
DiffSim	BOOTSTRAP8	NZ_JH724081.1	23704	24204	105	37
DiffSim	BOOTSTRAP8	NZ_JH724081.1	209623	210123	121	29
DiffSim	BOOTSTRAP8	NZ_JH724081.1	330261	330761	136	35
DiffSim	BOOTSTRAP8	NZ_JH724081.1	429293	429793	132	36
DiffSim	BOOTSTRAP8	NZ_JH724082.1	26669	27169	177	43
DiffSim	BOOTSTRAP8	NZ_JH724082.1	34640	35140	17	17
DiffSim	BOOTSTRAP9	NZ_JH724079.1	117412	118412	263	58
DiffSim	BOOTSTRAP9	NZ_JH724079.1	130533	131446	289	67
DiffSim	BOOTSTRAP9	NZ_JH724079.1	435161	435661	23	16
DiffSim	BOOTSTRAP9	NZ_JH724079.1	491036	491976	278	60
DiffSim	BOOTSTRAP9	NZ_JH724079.1	935817	936317	296	73
DiffSim	BOOTSTRAP9	NZ_JH724079.1	1083887	1084387	281	59
DiffSim	BOOTSTRAP9	NZ_JH724079.1	1208134	1208641	306	80
DiffSim	BOOTSTRAP9	NZ_JH724079.1	1255341	1255841	99	30
DiffSim	BOOTSTRAP9	NZ_JH724079.1	1324954	1325454	242	64
DiffSim	BOOTSTRAP9	NZ_JH724079.1	1366425	1366925	302	71
DiffSim	BOOTSTRAP9	NZ_JH724079.1	1419141	1419641	283	59
DiffSim	BOOTSTRAP9	NZ_JH724079.1	1438935	1439436	69	64
DiffSim	BOOTSTRAP9	NZ_JH724079.1	1485553	1486053	263	65
DiffSim	BOOTSTRAP9	NZ_JH724079.1	1564741	1565241	245	63
DiffSim	BOOTSTRAP9	NZ_JH724079.1	1788568	1789068	231	59
DiffSim	BOOTSTRAP9	NZ_JH724079.1	1789069	1789569	55	41
DiffSim	BOOTSTRAP9	NZ_JH724079.1	1969285	1969785	289	76
DiffSim	BOOTSTRAP9	NZ_JH724079.1	1969786	1970286	43	40
DiffSim	BOOTSTRAP9	NZ_JH724079.1	1996344	1997344	244	59
DiffSim	BOOTSTRAP9	NZ_JH724079.1	2119697	2120197	103	24
DiffSim	BOOTSTRAP9	NZ_JH724079.1	2194529	2195029	118	42
DiffSim	BOOTSTRAP9	NZ_JH724079.1	2195031	2195531	15	12
DiffSim	BOOTSTRAP9	NZ_JH724079.1	2293742	2294242	120	32
DiffSim	BOOTSTRAP9	NZ_JH724079.1	2294253	2294753	17	14
DiffSim	BOOTSTRAP9	NZ_JH724079.1	2472749	2473249	168	39
DiffSim	BOOTSTRAP9	NZ_JH724079.1	2515591	2516091	129	31
DiffSim	BOOTSTRAP9	NZ_JH724079.1	2534325	2534825	123	29
DiffSim	BOOTSTRAP9	NZ_JH724079.1	2614934	2615434	123	33
DiffSim	BOOTSTRAP9	NZ_JH724079.1	2615442	2615942	15	14
DiffSim	BOOTSTRAP9	NZ_JH724079.1	2693424	2693924	149	38
DiffSim	BOOTSTRAP9	NZ_JH724079.1	2841183	2841683	154	39
DiffSim	BOOTSTRAP9	NZ_JH724079.1	2841692	2842192	16	16
DiffSim	BOOTSTRAP9	NZ_JH724079.1	2931085	2931585	120	32
DiffSim	BOOTSTRAP9	NZ_JH724079.1	3107435	3107935	167	44
DiffSim	BOOTSTRAP9	NZ_JH724079.1	3427333	3427833	161	57
DiffSim	BOOTSTRAP9	NZ_JH724079.1	3427842	3428342	23	23
DiffSim	BOOTSTRAP9	NZ_JH724079.1	3438829	3439329	131	35
DiffSim	BOOTSTRAP9	NZ_JH724079.1	3439330	3439830	22	21
DiffSim	BOOTSTRAP9	NZ_JH724079.1	3509756	3510256	150	39
DiffSim	BOOTSTRAP9	NZ_JH724079.1	3517283	3517783	15	7
DiffSim	BOOTSTRAP9	NZ_JH724079.1	3526515	3527015	158	42
DiffSim	BOOTSTRAP9	NZ_JH724079.1	3527019	3527519	17	17
DiffSim	BOOTSTRAP9	NZ_JH724079.1	3567889	3568389	142	39
DiffSim	BOOTSTRAP9	NZ_JH724079.1	3568392	3568892	25	21
DiffSim	BOOTSTRAP9	NZ_JH724079.1	3815529	3816029	156	38
DiffSim	BOOTSTRAP9	NZ_JH724079.1	3885703	3886203	138	36
DiffSim	BOOTSTRAP9	NZ_JH724079.1	3886206	3886706	34	22
DiffSim	BOOTSTRAP9	NZ_JH724079.1	3919515	3920015	95	25
DiffSim	BOOTSTRAP9	NZ_JH724080.1	93787	94287	159	42
DiffSim	BOOTSTRAP9	NZ_JH724080.1	210263	210763	23	20
DiffSim	BOOTSTRAP9	NZ_JH724080.1	234696	235196	23	21
DiffSim	BOOTSTRAP9	NZ_JH724080.1	295670	296170	22	18
DiffSim	BOOTSTRAP9	NZ_JH724080.1	390679	391179	33	27
DiffSim	BOOTSTRAP9	NZ_JH724081.1	23704	24204	140	36
DiffSim	BOOTSTRAP9	NZ_JH724081.1	209623	210123	107	30
DiffSim	BOOTSTRAP9	NZ_JH724081.1	330261	330761	130	35
DiffSim	BOOTSTRAP9	NZ_JH724081.1	429293	429793	127	35
DiffSim	BOOTSTRAP9	NZ_JH724082.1	26669	27169	136	40
DiffSim	BOOTSTRAP9	NZ_JH724082.1	34640	35140	18	18
DiffSim	BOOTSTRAP10	NZ_JH724079.1	117412	118412	266	62
DiffSim	BOOTSTRAP10	NZ_JH724079.1	130533	131446	295	67
DiffSim	BOOTSTRAP10	NZ_JH724079.1	435161	435661	11	10
DiffSim	BOOTSTRAP10	NZ_JH724079.1	491036	491976	272	63
DiffSim	BOOTSTRAP10	NZ_JH724079.1	935817	936317	269	61
DiffSim	BOOTSTRAP10	NZ_JH724079.1	1083887	1084387	254	62
DiffSim	BOOTSTRAP10	NZ_JH724079.1	1208134	1208641	282	74
DiffSim	BOOTSTRAP10	NZ_JH724079.1	1255341	1255841	101	24
DiffSim	BOOTSTRAP10	NZ_JH724079.1	1324954	1325454	248	52
DiffSim	BOOTSTRAP10	NZ_JH724079.1	1366425	1366925	292	75
DiffSim	BOOTSTRAP10	NZ_JH724079.1	1419141	1419641	317	86
DiffSim	BOOTSTRAP10	NZ_JH724079.1	1438935	1439436	73	70
DiffSim	BOOTSTRAP10	NZ_JH724079.1	1485553	1486053	275	71
DiffSim	BOOTSTRAP10	NZ_JH724079.1	1564741	1565241	236	50
DiffSim	BOOTSTRAP10	NZ_JH724079.1	1788568	1789068	260	59
DiffSim	BOOTSTRAP10	NZ_JH724079.1	1789069	1789569	73	53
DiffSim	BOOTSTRAP10	NZ_JH724079.1	1969285	1969785	270	74
DiffSim	BOOTSTRAP10	NZ_JH724079.1	1969786	1970286	43	37
DiffSim	BOOTSTRAP10	NZ_JH724079.1	1996344	1997344	241	53
DiffSim	BOOTSTRAP10	NZ_JH724079.1	2119697	2120197	119	27
DiffSim	BOOTSTRAP10	NZ_JH724079.1	2194529	2195029	138	38
DiffSim	BOOTSTRAP10	NZ_JH724079.1	2195031	2195531	26	21
DiffSim	BOOTSTRAP10	NZ_JH724079.1	2293742	2294242	112	29
DiffSim	BOOTSTRAP10	NZ_JH724079.1	2294253	2294753	13	11
DiffSim	BOOTSTRAP10	NZ_JH724079.1	2472749	2473249	173	47
DiffSim	BOOTSTRAP10	NZ_JH724079.1	2515591	2516091	144	37
DiffSim	BOOTSTRAP10	NZ_JH724079.1	2534325	2534825	164	41
DiffSim	BOOTSTRAP10	NZ_JH724079.1	2614934	2615434	120	30
DiffSim	BOOTSTRAP10	NZ_JH724079.1	2615442	2615942	20	18
DiffSim	BOOTSTRAP10	NZ_JH724079.1	2693424	2693924	138	37
DiffSim	BOOTSTRAP10	NZ_JH724079.1	2841183	2841683	119	28
DiffSim	BOOTSTRAP10	NZ_JH724079.1	2841692	2842192	11	11
DiffSim	BOOTSTRAP10	NZ_JH724079.1	2931085	2931585	143	38
DiffSim	BOOTSTRAP10	NZ_JH724079.1	3107435	3107935	145	37
DiffSim	BOOTSTRAP10	NZ_JH724079.1	3427333	3427833	139	40
DiffSim	BOOTSTRAP10	NZ_JH724079.1	3427842	3428342	21	20
DiffSim	BOOTSTRAP10	NZ_JH724079.1	3438829	3439329	120	33
DiffSim	BOOTSTRAP10	NZ_JH724079.1	3439330	3439830	37	34
DiffSim	BOOTSTRAP10	NZ_JH724079.1	3509756	3510256	138	38
DiffSim	BOOTSTRAP10	NZ_JH724079.1	3517283	3517783	11	8
DiffSim	BOOTSTRAP10	NZ_JH724079.1	3526515	3527015	145	34
DiffSim	BOOTSTRAP10	NZ_JH724079.1	3527019	3527519	11	11
DiffSim	BOOTSTRAP10	NZ_JH724079.1	3567889	3568389	137	40
DiffSim	BOOTSTRAP10	NZ_JH724079.1	3568392	3568892	20	17
DiffSim	BOOTSTRAP10	NZ_JH724079.1	3815529	3816029	129	32
DiffSim	BOOTSTRAP10	NZ_JH724079.1	3885703	3886203	115	30
DiffSim	BOOTSTRAP10	NZ_JH724079.1	3886206	3886706	31	25
DiffSim	BOOTSTRAP10	NZ_JH724079.1	3919515	3920015	118	34
DiffSim	BOOTSTRAP10	NZ_JH724080.1	93787	94287	165	42
DiffSim	BOOTSTRAP10	NZ_JH724080.1	210263	210763	37	35
DiffSim	BOOTSTRAP10	NZ_JH724080.1	234696	235196	23	18
DiffSim	BOOTSTRAP10	NZ_JH724080.1	295670	296170	24	20
DiffSim	BOOTSTRAP10	NZ_JH724080.1	390679	391179	32	25
DiffSim	BOOTSTRAP10	NZ_JH724081.1	23704	24204	122	36
DiffSim	BOOTSTRAP10	NZ_JH724081.1	209623	210123	139	46
DiffSim	BOOTSTRAP10	NZ_JH724081.1	330261	330761	143	35
DiffSim	BOOTSTRAP10	NZ_JH724081.1	429293	429793	106	30
DiffSim	BOOTSTRAP10	NZ_JH724082.1	26669	27169	154	40
DiffSim	BOOTSTRAP10	NZ_JH724082.1	34640	35140	30	30
